	domain	phylum	class	order	family	genus	species
ASV_1	Bacteria	Proteobacteria	Gammaproteobacteria	Burkholderiales	Neisseriaceae	Snodgrassella	NA
ASV_2	Bacteria	Proteobacteria	Gammaproteobacteria	Orbales	Orbaceae	Gilliamella	NA
ASV_3	NA	NA	NA	NA	NA	NA	NA
ASV_4	Bacteria	Actinobacteriota	Actinobacteria	Bifidobacteriales	Bifidobacteriaceae	Bombiscardovia	NA
ASV_5	Bacteria	Firmicutes	Bacilli	Lactobacillales	Lactobacillaceae	Lactobacillus	NA
ASV_6	Bacteria	Proteobacteria	Gammaproteobacteria	Burkholderiales	Neisseriaceae	Snodgrassella	NA
ASV_7	Bacteria	Proteobacteria	Gammaproteobacteria	Enterobacterales	NA	NA	NA
ASV_8	Bacteria	Cyanobacteria	Cyanobacteriia	Chloroplast	NA	NA	NA
ASV_9	Bacteria	Proteobacteria	Gammaproteobacteria	Orbales	Orbaceae	Gilliamella	NA
ASV_10	Bacteria	Proteobacteria	Gammaproteobacteria	NA	NA	NA	NA
ASV_11	Bacteria	Cyanobacteria	Cyanobacteriia	Chloroplast	NA	NA	NA
ASV_12	Bacteria	Cyanobacteria	Cyanobacteriia	Chloroplast	NA	NA	NA
ASV_13	Bacteria	Cyanobacteria	Cyanobacteriia	Chloroplast	NA	NA	NA
ASV_14	Bacteria	Proteobacteria	Gammaproteobacteria	Enterobacterales	NA	NA	NA
ASV_15	Bacteria	Proteobacteria	Gammaproteobacteria	Burkholderiales	Alcaligenaceae	NA	NA
ASV_16	Bacteria	Proteobacteria	Alphaproteobacteria	Rickettsiales	Mitochondria	NA	NA
ASV_17	Bacteria	Proteobacteria	Gammaproteobacteria	Enterobacterales	NA	NA	NA
ASV_18	Bacteria	Firmicutes	NA	NA	NA	NA	NA
ASV_19	Bacteria	Proteobacteria	Alphaproteobacteria	Acetobacterales	Acetobacteraceae	Commensalibacter	NA
ASV_20	Bacteria	Proteobacteria	Gammaproteobacteria	Burkholderiales	Neisseriaceae	Snodgrassella	NA
ASV_21	Bacteria	Proteobacteria	Gammaproteobacteria	Orbales	Orbaceae	Gilliamella	NA
ASV_22	Bacteria	Proteobacteria	Gammaproteobacteria	Enterobacterales	NA	NA	NA
ASV_23	NA	NA	NA	NA	NA	NA	NA
ASV_24	Bacteria	Proteobacteria	Gammaproteobacteria	Enterobacterales	NA	NA	NA
ASV_25	Bacteria	Proteobacteria	Gammaproteobacteria	Pseudomonadales	Pseudomonadaceae	Pseudomonas	NA
ASV_26	Bacteria	Proteobacteria	Gammaproteobacteria	Enterobacterales	NA	NA	NA
ASV_27	Bacteria	Proteobacteria	Alphaproteobacteria	Rickettsiales	Mitochondria	NA	NA
ASV_28	Bacteria	Proteobacteria	Gammaproteobacteria	Orbales	Orbaceae	Gilliamella	NA
ASV_29	Bacteria	Cyanobacteria	Cyanobacteriia	Chloroplast	NA	NA	NA
ASV_30	Bacteria	Firmicutes	Bacilli	Bacillales	Planococcaceae	NA	NA
ASV_31	NA	NA	NA	NA	NA	NA	NA
ASV_32	NA	NA	NA	NA	NA	NA	NA
ASV_33	Bacteria	Firmicutes	Bacilli	Bacillales	Bacillaceae	Bacillus	NA
ASV_34	Bacteria	Proteobacteria	Gammaproteobacteria	Burkholderiales	Neisseriaceae	Snodgrassella	NA
ASV_35	Bacteria	Proteobacteria	Gammaproteobacteria	Pseudomonadales	Pseudomonadaceae	Pseudomonas	NA
ASV_36	Bacteria	Proteobacteria	Gammaproteobacteria	Orbales	Orbaceae	Gilliamella	NA
ASV_37	Bacteria	Proteobacteria	Gammaproteobacteria	Burkholderiales	Neisseriaceae	Snodgrassella	NA
ASV_38	Bacteria	Proteobacteria	Gammaproteobacteria	Orbales	Orbaceae	Gilliamella	NA
ASV_39	Bacteria	Proteobacteria	Gammaproteobacteria	Orbales	Orbaceae	Gilliamella	NA
ASV_40	Bacteria	Proteobacteria	Gammaproteobacteria	Enterobacterales	NA	NA	NA
ASV_41	Bacteria	Cyanobacteria	Cyanobacteriia	Chloroplast	NA	NA	NA
ASV_42	Bacteria	Bacteroidota	Bacteroidia	Flavobacteriales	Weeksellaceae	Apibacter	NA
ASV_43	Bacteria	Proteobacteria	Gammaproteobacteria	Burkholderiales	Neisseriaceae	Snodgrassella	NA
ASV_44	Bacteria	Proteobacteria	Gammaproteobacteria	Orbales	Orbaceae	Gilliamella	NA
ASV_45	Bacteria	Proteobacteria	Alphaproteobacteria	Rickettsiales	Mitochondria	NA	NA
ASV_46	Bacteria	Proteobacteria	Gammaproteobacteria	Enterobacterales	NA	NA	NA
ASV_47	Bacteria	Proteobacteria	Gammaproteobacteria	Pseudomonadales	Pseudomonadaceae	Pseudomonas	NA
ASV_48	Bacteria	Proteobacteria	Alphaproteobacteria	Rickettsiales	Mitochondria	NA	NA
ASV_49	Bacteria	Proteobacteria	Gammaproteobacteria	Orbales	Orbaceae	Gilliamella	NA
ASV_50	Bacteria	Proteobacteria	Gammaproteobacteria	Enterobacterales	NA	NA	NA
ASV_51	Bacteria	Cyanobacteria	Cyanobacteriia	Chloroplast	NA	NA	NA
ASV_52	Bacteria	Proteobacteria	Gammaproteobacteria	Orbales	Orbaceae	Gilliamella	NA
ASV_53	Bacteria	Cyanobacteria	Cyanobacteriia	Chloroplast	NA	NA	NA
ASV_54	Bacteria	Firmicutes	Bacilli	Lactobacillales	NA	NA	NA
ASV_55	Bacteria	Cyanobacteria	Cyanobacteriia	Chloroplast	NA	NA	NA
ASV_56	Bacteria	Actinobacteriota	Actinobacteria	Bifidobacteriales	Bifidobacteriaceae	Bombiscardovia	NA
ASV_57	NA	NA	NA	NA	NA	NA	NA
ASV_58	Bacteria	Proteobacteria	Gammaproteobacteria	Burkholderiales	Neisseriaceae	Snodgrassella	NA
ASV_59	Bacteria	Proteobacteria	Gammaproteobacteria	NA	NA	NA	NA
ASV_60	Bacteria	Cyanobacteria	Cyanobacteriia	Chloroplast	NA	NA	NA
ASV_61	Bacteria	Proteobacteria	Gammaproteobacteria	NA	NA	NA	NA
ASV_62	Bacteria	Proteobacteria	Gammaproteobacteria	Pseudomonadales	Pseudomonadaceae	Pseudomonas	NA
ASV_63	Bacteria	Proteobacteria	Alphaproteobacteria	Acetobacterales	Acetobacteraceae	Neokomagataea	NA
ASV_64	Bacteria	Proteobacteria	Gammaproteobacteria	NA	NA	NA	NA
ASV_65	Bacteria	Proteobacteria	Alphaproteobacteria	Rickettsiales	Mitochondria	NA	NA
ASV_66	Bacteria	Cyanobacteria	Cyanobacteriia	Chloroplast	NA	NA	NA
ASV_67	Bacteria	Firmicutes	Bacilli	Lactobacillales	Leuconostocaceae	Fructobacillus	NA
ASV_68	Bacteria	Actinobacteriota	Actinobacteria	Bifidobacteriales	Bifidobacteriaceae	Bombiscardovia	NA
ASV_69	Bacteria	Firmicutes	Bacilli	Lactobacillales	Lactobacillaceae	NA	NA
ASV_70	NA	NA	NA	NA	NA	NA	NA
ASV_71	Bacteria	Cyanobacteria	Cyanobacteriia	Chloroplast	NA	NA	NA
ASV_72	Bacteria	Cyanobacteria	Cyanobacteriia	Chloroplast	NA	NA	NA
ASV_73	NA	NA	NA	NA	NA	NA	NA
ASV_74	Bacteria	Cyanobacteria	Cyanobacteriia	Chloroplast	NA	NA	NA
ASV_75	Bacteria	Firmicutes	Bacilli	Staphylococcales	Staphylococcaceae	Staphylococcus	NA
ASV_76	NA	NA	NA	NA	NA	NA	NA
ASV_77	Bacteria	Proteobacteria	Gammaproteobacteria	Burkholderiales	Neisseriaceae	Snodgrassella	NA
ASV_78	Bacteria	Proteobacteria	Gammaproteobacteria	Pseudomonadales	Pseudomonadaceae	NA	NA
ASV_79	Bacteria	Proteobacteria	Gammaproteobacteria	Orbales	Orbaceae	Gilliamella	NA
ASV_80	Bacteria	Cyanobacteria	Cyanobacteriia	Chloroplast	NA	NA	NA
ASV_81	Bacteria	Firmicutes	Bacilli	Paenibacillales	Paenibacillaceae	Paenibacillus	NA
ASV_82	Bacteria	Cyanobacteria	Cyanobacteriia	Chloroplast	NA	NA	NA
ASV_83	Bacteria	Proteobacteria	Gammaproteobacteria	Pseudomonadales	Pseudomonadaceae	Pseudomonas	NA
ASV_84	Bacteria	Firmicutes	Bacilli	Bacillales	NA	NA	NA
ASV_85	Bacteria	Firmicutes	Bacilli	Staphylococcales	Staphylococcaceae	Staphylococcus	NA
ASV_86	Bacteria	Cyanobacteria	Cyanobacteriia	Chloroplast	NA	NA	NA
ASV_87	Bacteria	Actinobacteriota	Actinobacteria	Micrococcales	Micrococcaceae	NA	NA
ASV_88	NA	NA	NA	NA	NA	NA	NA
ASV_89	Bacteria	Proteobacteria	Gammaproteobacteria	Pseudomonadales	Moraxellaceae	Acinetobacter	NA
ASV_90	Bacteria	Proteobacteria	Gammaproteobacteria	Pseudomonadales	Moraxellaceae	Acinetobacter	NA
ASV_91	Bacteria	Cyanobacteria	Cyanobacteriia	Chloroplast	NA	NA	NA
ASV_92	Bacteria	Proteobacteria	Alphaproteobacteria	Rickettsiales	Mitochondria	NA	NA
ASV_93	Bacteria	Proteobacteria	Gammaproteobacteria	NA	NA	NA	NA
ASV_94	NA	NA	NA	NA	NA	NA	NA
ASV_95	Bacteria	Proteobacteria	Gammaproteobacteria	Enterobacterales	NA	NA	NA
ASV_96	Bacteria	Firmicutes	Bacilli	Lactobacillales	Lactobacillaceae	Lactobacillus	NA
ASV_97	NA	NA	NA	NA	NA	NA	NA
ASV_98	Bacteria	Firmicutes	Bacilli	Bacillales	NA	NA	NA
ASV_99	Bacteria	Firmicutes	Bacilli	Lactobacillales	Streptococcaceae	Streptococcus	NA
ASV_100	NA	NA	NA	NA	NA	NA	NA
ASV_101	Bacteria	Bacteroidota	Bacteroidia	Flavobacteriales	Weeksellaceae	Chryseobacterium	NA
ASV_102	Eukaryota	Apicomplexa	NA	NA	NA	NA	NA
ASV_103	Bacteria	Bacteroidota	Bacteroidia	Bacteroidales	Dysgonomonadaceae	Dysgonomonas	NA
ASV_104	Bacteria	Proteobacteria	Gammaproteobacteria	Burkholderiales	Neisseriaceae	Snodgrassella	NA
ASV_105	Bacteria	Cyanobacteria	Cyanobacteriia	Chloroplast	NA	NA	NA
ASV_106	Bacteria	Proteobacteria	Alphaproteobacteria	Rickettsiales	Mitochondria	NA	NA
ASV_107	Bacteria	Proteobacteria	Gammaproteobacteria	Burkholderiales	Neisseriaceae	Snodgrassella	NA
ASV_108	NA	NA	NA	NA	NA	NA	NA
ASV_109	Bacteria	Proteobacteria	Gammaproteobacteria	Enterobacterales	NA	NA	NA
ASV_110	Bacteria	Firmicutes	Bacilli	Lactobacillales	Streptococcaceae	Lactococcus	NA
ASV_111	Bacteria	Cyanobacteria	Cyanobacteriia	Chloroplast	NA	NA	NA
ASV_112	Bacteria	Proteobacteria	Gammaproteobacteria	Enterobacterales	NA	NA	NA
ASV_113	NA	NA	NA	NA	NA	NA	NA
ASV_114	Bacteria	Proteobacteria	Gammaproteobacteria	Enterobacterales	NA	NA	NA
ASV_115	Bacteria	Actinobacteriota	Actinobacteria	Bifidobacteriales	Bifidobacteriaceae	Bifidobacterium	NA
ASV_116	Bacteria	Proteobacteria	Gammaproteobacteria	NA	NA	NA	NA
ASV_117	Bacteria	Proteobacteria	Alphaproteobacteria	Rickettsiales	Mitochondria	NA	NA
ASV_118	Bacteria	Bacteroidota	Bacteroidia	Flavobacteriales	Weeksellaceae	Cloacibacterium	NA
ASV_119	Bacteria	Firmicutes	Bacilli	Lactobacillales	Leuconostocaceae	Leuconostoc	NA
ASV_120	Bacteria	Cyanobacteria	Cyanobacteriia	Chloroplast	NA	NA	NA
ASV_121	Bacteria	Firmicutes	Bacilli	Lactobacillales	Vagococcaceae	Vagococcus	NA
ASV_122	Bacteria	Proteobacteria	Gammaproteobacteria	NA	NA	NA	NA
ASV_123	Bacteria	Actinobacteriota	Actinobacteria	Micrococcales	Micrococcaceae	NA	NA
ASV_124	Eukaryota	Mucoromycota	Incertae Sedis_5	Mucorales	Mucoraceae	NA	NA
ASV_125	Bacteria	Proteobacteria	Gammaproteobacteria	Enterobacterales	NA	NA	NA
ASV_126	Bacteria	Proteobacteria	Gammaproteobacteria	Enterobacterales	NA	NA	NA
ASV_127	Bacteria	Proteobacteria	Gammaproteobacteria	Pseudomonadales	Pseudomonadaceae	Pseudomonas	NA
ASV_128	NA	NA	NA	NA	NA	NA	NA
ASV_129	Bacteria	Proteobacteria	Alphaproteobacteria	Rickettsiales	Mitochondria	NA	NA
ASV_130	Bacteria	Proteobacteria	Gammaproteobacteria	Cardiobacteriales	Wohlfahrtiimonadaceae	Wohlfahrtiimonas	NA
ASV_131	Bacteria	Proteobacteria	Gammaproteobacteria	Enterobacterales	NA	NA	NA
ASV_132	Bacteria	Proteobacteria	Gammaproteobacteria	Pseudomonadales	Pseudomonadaceae	Pseudomonas	NA
ASV_133	Bacteria	Proteobacteria	Gammaproteobacteria	Pseudomonadales	Pseudomonadaceae	NA	NA
ASV_134	Bacteria	Proteobacteria	Gammaproteobacteria	Burkholderiales	Neisseriaceae	Snodgrassella	NA
ASV_135	Bacteria	Proteobacteria	Gammaproteobacteria	NA	NA	NA	NA
ASV_136	Bacteria	Proteobacteria	Gammaproteobacteria	Enterobacterales	NA	NA	NA
ASV_137	NA	NA	NA	NA	NA	NA	NA
ASV_138	Bacteria	Cyanobacteria	Cyanobacteriia	Chloroplast	NA	NA	NA
ASV_139	Bacteria	Firmicutes	Negativicutes	Veillonellales-Selenomonadales	Selenomonadaceae	Megamonas	NA
ASV_140	Bacteria	Proteobacteria	Gammaproteobacteria	Orbales	Orbaceae	Gilliamella	NA
ASV_141	Bacteria	Proteobacteria	Gammaproteobacteria	Pseudomonadales	Pseudomonadaceae	NA	NA
ASV_142	Bacteria	Firmicutes	Bacilli	Staphylococcales	Staphylococcaceae	Staphylococcus	NA
ASV_143	NA	NA	NA	NA	NA	NA	NA
ASV_144	Bacteria	Proteobacteria	Gammaproteobacteria	NA	NA	NA	NA
ASV_145	Bacteria	Cyanobacteria	Cyanobacteriia	Chloroplast	NA	NA	NA
ASV_146	Bacteria	Proteobacteria	Gammaproteobacteria	Enterobacterales	Morganellaceae	Morganella	NA
ASV_147	NA	NA	NA	NA	NA	NA	NA
ASV_148	Bacteria	Cyanobacteria	Cyanobacteriia	Chloroplast	NA	NA	NA
ASV_149	NA	NA	NA	NA	NA	NA	NA
ASV_150	Bacteria	Bacteroidota	Bacteroidia	Bacteroidales	NA	NA	NA
ASV_151	Bacteria	Proteobacteria	Gammaproteobacteria	Burkholderiales	Comamonadaceae	Tepidimonas	NA
ASV_152	Bacteria	Proteobacteria	Gammaproteobacteria	Orbales	Orbaceae	Gilliamella	NA
ASV_153	Bacteria	Proteobacteria	Gammaproteobacteria	Cardiobacteriales	Wohlfahrtiimonadaceae	Ignatzschineria	NA
ASV_154	Bacteria	Proteobacteria	Gammaproteobacteria	NA	NA	NA	NA
ASV_155	Bacteria	Proteobacteria	Alphaproteobacteria	Sphingomonadales	Sphingomonadaceae	Sphingomonas	NA
ASV_156	Bacteria	Proteobacteria	Gammaproteobacteria	Enterobacterales	NA	NA	NA
ASV_157	Bacteria	Proteobacteria	Gammaproteobacteria	Oceanospirillales	Halomonadaceae	Zymobacter	NA
ASV_158	Bacteria	Proteobacteria	Gammaproteobacteria	Pseudomonadales	Moraxellaceae	NA	NA
ASV_159	Bacteria	Actinobacteriota	Actinobacteria	Corynebacteriales	Corynebacteriaceae	Corynebacterium	NA
ASV_160	Bacteria	Proteobacteria	Gammaproteobacteria	Pseudomonadales	Pseudomonadaceae	Pseudomonas	NA
ASV_161	NA	NA	NA	NA	NA	NA	NA
ASV_162	Bacteria	Proteobacteria	Gammaproteobacteria	NA	NA	NA	NA
ASV_163	Bacteria	NA	NA	NA	NA	NA	NA
ASV_164	Bacteria	Firmicutes	Bacilli	NA	NA	NA	NA
ASV_165	Bacteria	Proteobacteria	Gammaproteobacteria	NA	NA	NA	NA
ASV_166	Bacteria	Firmicutes	Negativicutes	Veillonellales-Selenomonadales	Veillonellaceae	Megasphaera	NA
ASV_167	Bacteria	Proteobacteria	Gammaproteobacteria	NA	NA	NA	NA
ASV_168	NA	NA	NA	NA	NA	NA	NA
ASV_169	NA	NA	NA	NA	NA	NA	NA
ASV_170	Bacteria	Proteobacteria	Gammaproteobacteria	Burkholderiales	NA	NA	NA
ASV_171	Bacteria	Firmicutes	Bacilli	Lactobacillales	Leuconostocaceae	Fructobacillus	NA
ASV_172	NA	NA	NA	NA	NA	NA	NA
ASV_173	Bacteria	Proteobacteria	Gammaproteobacteria	NA	NA	NA	NA
ASV_174	NA	NA	NA	NA	NA	NA	NA
ASV_175	Bacteria	Proteobacteria	Gammaproteobacteria	Oceanospirillales	Halomonadaceae	Zymobacter	NA
ASV_176	Bacteria	Proteobacteria	Alphaproteobacteria	Rickettsiales	Mitochondria	NA	NA
ASV_177	Bacteria	Proteobacteria	Alphaproteobacteria	Rickettsiales	Anaplasmataceae	Wolbachia	NA
ASV_178	Bacteria	Actinobacteriota	Actinobacteria	Bifidobacteriales	Bifidobacteriaceae	Bifidobacterium	NA
ASV_179	Bacteria	Firmicutes	Bacilli	Bacillales	Planococcaceae	NA	NA
ASV_180	Bacteria	Proteobacteria	Gammaproteobacteria	Pseudomonadales	Moraxellaceae	Acinetobacter	NA
ASV_181	Bacteria	Proteobacteria	Gammaproteobacteria	Enterobacterales	Morganellaceae	Moellerella	NA
ASV_182	Bacteria	Bacteroidota	Bacteroidia	Flavobacteriales	Weeksellaceae	Chryseobacterium	NA
ASV_183	NA	NA	NA	NA	NA	NA	NA
ASV_184	Bacteria	Proteobacteria	Gammaproteobacteria	NA	NA	NA	NA
ASV_185	NA	NA	NA	NA	NA	NA	NA
ASV_186	Bacteria	Firmicutes	Bacilli	Lactobacillales	Leuconostocaceae	Leuconostoc	NA
ASV_187	Bacteria	Firmicutes	Bacilli	Lactobacillales	Leuconostocaceae	Fructobacillus	NA
ASV_188	Bacteria	Cyanobacteria	Cyanobacteriia	Chloroplast	NA	NA	NA
ASV_189	Bacteria	NA	NA	NA	NA	NA	NA
ASV_190	Bacteria	Proteobacteria	Alphaproteobacteria	Sphingomonadales	Sphingomonadaceae	NA	NA
ASV_191	Bacteria	Proteobacteria	Gammaproteobacteria	Pseudomonadales	Moraxellaceae	Acinetobacter	NA
ASV_192	NA	NA	NA	NA	NA	NA	NA
ASV_193	Bacteria	Proteobacteria	Alphaproteobacteria	Acetobacterales	Acetobacteraceae	Neokomagataea	NA
ASV_194	Bacteria	Proteobacteria	Gammaproteobacteria	NA	NA	NA	NA
ASV_195	Bacteria	Cyanobacteria	Cyanobacteriia	Chloroplast	NA	NA	NA
ASV_196	Bacteria	Proteobacteria	Alphaproteobacteria	Rickettsiales	Mitochondria	NA	NA
ASV_197	Bacteria	NA	NA	NA	NA	NA	NA
ASV_198	Bacteria	Firmicutes	Bacilli	Lactobacillales	Lactobacillaceae	Lactobacillus	NA
ASV_199	Bacteria	Proteobacteria	Gammaproteobacteria	Burkholderiales	Comamonadaceae	NA	NA
ASV_200	Bacteria	Proteobacteria	Gammaproteobacteria	NA	NA	NA	NA
ASV_201	Bacteria	Proteobacteria	Alphaproteobacteria	Rickettsiales	Mitochondria	NA	NA
ASV_202	Bacteria	Proteobacteria	Gammaproteobacteria	Pseudomonadales	Moraxellaceae	Acinetobacter	NA
ASV_203	Bacteria	Proteobacteria	Alphaproteobacteria	Acetobacterales	Acetobacteraceae	Saccharibacter	NA
ASV_204	Bacteria	Proteobacteria	Alphaproteobacteria	Rickettsiales	Mitochondria	NA	NA
ASV_205	Bacteria	Proteobacteria	Alphaproteobacteria	Rickettsiales	Mitochondria	NA	NA
ASV_206	Bacteria	Firmicutes	Bacilli	Lactobacillales	Streptococcaceae	Streptococcus	NA
ASV_207	Bacteria	Proteobacteria	Gammaproteobacteria	Enterobacterales	Enterobacteriaceae	NA	NA
ASV_208	Bacteria	Proteobacteria	Gammaproteobacteria	Orbales	Orbaceae	Gilliamella	NA
ASV_209	Bacteria	NA	NA	NA	NA	NA	NA
ASV_210	Bacteria	Proteobacteria	Gammaproteobacteria	Pseudomonadales	Moraxellaceae	Acinetobacter	NA
ASV_211	Bacteria	Actinobacteriota	Actinobacteria	Corynebacteriales	Nocardiaceae	Rhodococcus	NA
ASV_212	Bacteria	Bacteroidota	Bacteroidia	Sphingobacteriales	Sphingobacteriaceae	Pedobacter	NA
ASV_213	Bacteria	Bacteroidota	Bacteroidia	Bacteroidales	NA	NA	NA
ASV_214	Bacteria	Proteobacteria	Alphaproteobacteria	Rickettsiales	Rickettsiaceae	NA	NA
ASV_215	Bacteria	Proteobacteria	Gammaproteobacteria	Burkholderiales	Neisseriaceae	Snodgrassella	NA
ASV_216	Bacteria	Proteobacteria	Gammaproteobacteria	Enterobacterales	NA	NA	NA
ASV_217	NA	NA	NA	NA	NA	NA	NA
ASV_218	Bacteria	Firmicutes	Bacilli	Lactobacillales	Streptococcaceae	Streptococcus	NA
ASV_219	Bacteria	Bacteroidota	Bacteroidia	Bacteroidales	NA	NA	NA
ASV_220	Bacteria	Proteobacteria	Gammaproteobacteria	NA	NA	NA	NA
ASV_221	Bacteria	Proteobacteria	Alphaproteobacteria	Rhizobiales	Xanthobacteraceae	NA	NA
ASV_222	Bacteria	Proteobacteria	Gammaproteobacteria	Burkholderiales	Neisseriaceae	Snodgrassella	NA
ASV_223	Bacteria	Fusobacteriota	Fusobacteriia	Fusobacteriales	Fusobacteriaceae	Fusobacterium	NA
ASV_224	Bacteria	Proteobacteria	Alphaproteobacteria	Rickettsiales	Mitochondria	NA	NA
ASV_225	Bacteria	Cyanobacteria	Cyanobacteriia	Chloroplast	NA	NA	NA
ASV_226	Bacteria	Actinobacteriota	Actinobacteria	Corynebacteriales	Corynebacteriaceae	Corynebacterium	NA
ASV_227	Bacteria	Proteobacteria	Gammaproteobacteria	NA	NA	NA	NA
ASV_228	Bacteria	Firmicutes	Bacilli	Bacillales	Bacillaceae	NA	NA
ASV_229	Bacteria	Proteobacteria	Gammaproteobacteria	NA	NA	NA	NA
ASV_230	Bacteria	Bacteroidota	Bacteroidia	Flavobacteriales	Flavobacteriaceae	Flavobacterium	NA
ASV_231	Bacteria	Firmicutes	Bacilli	Erysipelotrichales	Erysipelotrichaceae	Solobacterium	NA
ASV_232	Bacteria	Proteobacteria	Gammaproteobacteria	Cardiobacteriales	Wohlfahrtiimonadaceae	Ignatzschineria	NA
ASV_233	Bacteria	Firmicutes	Bacilli	Lactobacillales	Lactobacillaceae	NA	NA
ASV_234	Bacteria	Proteobacteria	Gammaproteobacteria	NA	NA	NA	NA
ASV_235	Bacteria	Proteobacteria	Gammaproteobacteria	Pseudomonadales	Moraxellaceae	Acinetobacter	NA
ASV_236	Bacteria	Cyanobacteria	Cyanobacteriia	Chloroplast	NA	NA	NA
ASV_237	Bacteria	Bacteroidota	Bacteroidia	Flavobacteriales	Flavobacteriaceae	Myroides	NA
ASV_238	Bacteria	Proteobacteria	Gammaproteobacteria	Burkholderiales	Rhodocyclaceae	NA	NA
ASV_239	Bacteria	Proteobacteria	Gammaproteobacteria	NA	NA	NA	NA
ASV_240	Bacteria	Proteobacteria	Gammaproteobacteria	Enterobacterales	NA	NA	NA
ASV_241	Bacteria	Proteobacteria	Alphaproteobacteria	Sphingomonadales	Sphingomonadaceae	Sphingomonas	NA
ASV_242	Bacteria	Proteobacteria	Gammaproteobacteria	NA	NA	NA	NA
ASV_243	NA	NA	NA	NA	NA	NA	NA
ASV_244	Bacteria	Firmicutes	Clostridia	Clostridiales	Clostridiaceae	NA	NA
ASV_245	Bacteria	Firmicutes	Bacilli	Lactobacillales	NA	NA	NA
ASV_246	Bacteria	NA	NA	NA	NA	NA	NA
ASV_247	Bacteria	Proteobacteria	Gammaproteobacteria	Burkholderiales	Oxalobacteraceae	Massilia	NA
ASV_248	Bacteria	Bacteroidota	Bacteroidia	NA	NA	NA	NA
ASV_249	Bacteria	Proteobacteria	Alphaproteobacteria	Rickettsiales	Mitochondria	NA	NA
ASV_250	Bacteria	Cyanobacteria	Cyanobacteriia	Chloroplast	NA	NA	NA
ASV_251	Bacteria	Proteobacteria	Alphaproteobacteria	Rickettsiales	Mitochondria	NA	NA
ASV_252	Bacteria	Proteobacteria	Gammaproteobacteria	Burkholderiales	Neisseriaceae	Snodgrassella	NA
ASV_253	Bacteria	Proteobacteria	Gammaproteobacteria	Enterobacterales	NA	NA	NA
ASV_254	Bacteria	Cyanobacteria	Cyanobacteriia	Chloroplast	NA	NA	NA
ASV_255	Bacteria	Proteobacteria	Gammaproteobacteria	Pseudomonadales	Moraxellaceae	Acinetobacter	NA
ASV_256	Bacteria	Proteobacteria	Gammaproteobacteria	NA	NA	NA	NA
ASV_257	Bacteria	Proteobacteria	Gammaproteobacteria	Burkholderiales	Neisseriaceae	Neisseria	NA
ASV_258	Bacteria	NA	NA	NA	NA	NA	NA
ASV_259	Bacteria	Proteobacteria	Gammaproteobacteria	Burkholderiales	NA	NA	NA
ASV_260	Bacteria	Proteobacteria	Gammaproteobacteria	Orbales	Orbaceae	Gilliamella	NA
ASV_261	Bacteria	Cyanobacteria	Cyanobacteriia	Chloroplast	NA	NA	NA
ASV_262	Bacteria	Proteobacteria	Gammaproteobacteria	NA	NA	NA	NA
ASV_263	Eukaryota	Mucoromycota	Incertae Sedis_5	Mucorales	Mucoraceae	NA	NA
ASV_264	Bacteria	Proteobacteria	Alphaproteobacteria	Rhodobacterales	Rhodobacteraceae	NA	NA
ASV_265	NA	NA	NA	NA	NA	NA	NA
ASV_266	Bacteria	Firmicutes	Bacilli	Bacillales	Bacillaceae	NA	NA
ASV_267	Bacteria	Actinobacteriota	Actinobacteria	Corynebacteriales	Corynebacteriaceae	Lawsonella	NA
ASV_268	Bacteria	Bacteroidota	Bacteroidia	Flavobacteriales	Flavobacteriaceae	Myroides	NA
ASV_269	Bacteria	Actinobacteriota	Actinobacteria	Kineosporiales	Kineosporiaceae	Kineococcus	NA
ASV_270	Bacteria	Proteobacteria	Gammaproteobacteria	Burkholderiales	Neisseriaceae	NA	NA
ASV_271	Bacteria	Proteobacteria	Gammaproteobacteria	Orbales	Orbaceae	NA	NA
ASV_272	Bacteria	Proteobacteria	Alphaproteobacteria	Acetobacterales	Acetobacteraceae	NA	NA
ASV_273	Bacteria	Proteobacteria	Gammaproteobacteria	Orbales	Orbaceae	Gilliamella	NA
ASV_274	Bacteria	Proteobacteria	Gammaproteobacteria	Enterobacterales	Morganellaceae	NA	NA
ASV_275	Bacteria	Actinobacteriota	Actinobacteria	Micromonosporales	Micromonosporaceae	NA	NA
ASV_276	Bacteria	Proteobacteria	Alphaproteobacteria	Rickettsiales	Anaplasmataceae	Wolbachia	NA
ASV_277	Bacteria	Proteobacteria	Gammaproteobacteria	Burkholderiales	Comamonadaceae	NA	NA
ASV_278	Bacteria	NA	NA	NA	NA	NA	NA
ASV_279	Bacteria	Cyanobacteria	Cyanobacteriia	Chloroplast	NA	NA	NA
ASV_280	Bacteria	Bacteroidota	Bacteroidia	Bacteroidales	NA	NA	NA
ASV_281	NA	NA	NA	NA	NA	NA	NA
ASV_282	Bacteria	Proteobacteria	Alphaproteobacteria	Rhizobiales	Rhizobiaceae	NA	NA
ASV_283	Bacteria	Proteobacteria	Gammaproteobacteria	Xanthomonadales	Xanthomonadaceae	Stenotrophomonas	NA
ASV_284	Bacteria	Actinobacteriota	Actinobacteria	Corynebacteriales	Nocardiaceae	Rhodococcus	NA
ASV_285	Bacteria	Firmicutes	Negativicutes	Veillonellales-Selenomonadales	Veillonellaceae	NA	NA
ASV_286	Bacteria	Proteobacteria	Gammaproteobacteria	Burkholderiales	Comamonadaceae	NA	NA
ASV_287	Bacteria	Proteobacteria	Alphaproteobacteria	Rickettsiales	Mitochondria	NA	NA
ASV_288	NA	NA	NA	NA	NA	NA	NA
ASV_289	NA	NA	NA	NA	NA	NA	NA
ASV_290	NA	NA	NA	NA	NA	NA	NA
ASV_291	NA	NA	NA	NA	NA	NA	NA
ASV_292	Bacteria	Proteobacteria	Gammaproteobacteria	Enterobacterales	NA	NA	NA
ASV_293	Bacteria	Actinobacteriota	Coriobacteriia	Coriobacteriales	Coriobacteriaceae	Enorma	NA
ASV_294	Bacteria	Proteobacteria	Gammaproteobacteria	Diplorickettsiales	Diplorickettsiaceae	Rickettsiella	NA
ASV_295	Bacteria	Firmicutes	Bacilli	Lactobacillales	Lactobacillaceae	Lactobacillus	NA
ASV_296	Bacteria	Proteobacteria	Gammaproteobacteria	Pasteurellales	Pasteurellaceae	NA	NA
ASV_297	Bacteria	Actinobacteriota	Actinobacteria	Corynebacteriales	Corynebacteriaceae	Corynebacterium	NA
ASV_298	Bacteria	Proteobacteria	Gammaproteobacteria	Enterobacterales	NA	NA	NA
ASV_299	NA	NA	NA	NA	NA	NA	NA
ASV_300	Bacteria	Cyanobacteria	Cyanobacteriia	Chloroplast	NA	NA	NA
ASV_301	Bacteria	Cyanobacteria	Cyanobacteriia	Chloroplast	NA	NA	NA
ASV_302	Bacteria	NA	NA	NA	NA	NA	NA
ASV_303	Bacteria	Firmicutes	Bacilli	Lactobacillales	Leuconostocaceae	Fructobacillus	NA
ASV_304	Bacteria	Proteobacteria	Gammaproteobacteria	Burkholderiales	Neisseriaceae	NA	NA
ASV_305	Bacteria	Proteobacteria	Gammaproteobacteria	Burkholderiales	Neisseriaceae	Snodgrassella	NA
ASV_306	Bacteria	Proteobacteria	Gammaproteobacteria	Burkholderiales	Neisseriaceae	Snodgrassella	NA
ASV_307	Bacteria	Proteobacteria	Alphaproteobacteria	Rhizobiales	Beijerinckiaceae	1174-901-12	NA
ASV_308	NA	NA	NA	NA	NA	NA	NA
ASV_309	Bacteria	Firmicutes	Bacilli	Lactobacillales	NA	NA	NA
ASV_310	Bacteria	Proteobacteria	Alphaproteobacteria	Rickettsiales	Mitochondria	NA	NA
ASV_311	Bacteria	Proteobacteria	Gammaproteobacteria	Enterobacterales	NA	NA	NA
ASV_312	Bacteria	Cyanobacteria	Cyanobacteriia	Chloroplast	NA	NA	NA
ASV_313	Bacteria	Proteobacteria	Alphaproteobacteria	Rickettsiales	Mitochondria	NA	NA
ASV_314	NA	NA	NA	NA	NA	NA	NA
ASV_315	Bacteria	Proteobacteria	Gammaproteobacteria	Burkholderiales	Comamonadaceae	NA	NA
ASV_316	Bacteria	NA	NA	NA	NA	NA	NA
ASV_317	NA	NA	NA	NA	NA	NA	NA
ASV_318	NA	NA	NA	NA	NA	NA	NA
ASV_319	Bacteria	Proteobacteria	Gammaproteobacteria	NA	NA	NA	NA
ASV_320	Bacteria	Proteobacteria	Alphaproteobacteria	Acetobacterales	Acetobacteraceae	Roseomonas	NA
ASV_321	Bacteria	Firmicutes	Bacilli	NA	NA	NA	NA
ASV_322	Bacteria	Proteobacteria	Gammaproteobacteria	NA	NA	NA	NA
ASV_323	Bacteria	Cyanobacteria	Vampirivibrionia	Obscuribacterales	Obscuribacteraceae	Candidatus Obscuribacter	NA
ASV_324	Bacteria	Firmicutes	Clostridia	Clostridiales	Clostridiaceae	Sarcina	NA
ASV_325	Bacteria	Proteobacteria	Alphaproteobacteria	Sphingomonadales	Sphingomonadaceae	Sphingomonas	NA
ASV_326	Bacteria	Proteobacteria	Gammaproteobacteria	Burkholderiales	Neisseriaceae	NA	NA
ASV_327	Bacteria	Firmicutes	Bacilli	Lactobacillales	NA	NA	NA
ASV_328	Bacteria	Cyanobacteria	Cyanobacteriia	Chloroplast	NA	NA	NA
ASV_329	Bacteria	Firmicutes	Bacilli	NA	NA	NA	NA
ASV_330	Eukaryota	Euglenozoa	Kinetoplastea	Trypanosomatida	NA	NA	NA
ASV_331	Bacteria	Proteobacteria	Gammaproteobacteria	Pseudomonadales	Pseudomonadaceae	NA	NA
ASV_332	Bacteria	Desulfobacterota	Desulfovibrionia	Desulfovibrionales	Desulfovibrionaceae	Desulfovibrio	NA
ASV_333	Bacteria	Proteobacteria	Gammaproteobacteria	Alteromonadales	Shewanellaceae	Shewanella	NA
ASV_334	Bacteria	Bacteroidota	Bacteroidia	Sphingobacteriales	Sphingobacteriaceae	Sphingobacterium	NA
ASV_335	Bacteria	Proteobacteria	Alphaproteobacteria	Rickettsiales	Mitochondria	NA	NA
ASV_336	Bacteria	Bacteroidota	Bacteroidia	Flavobacteriales	Weeksellaceae	Chryseobacterium	NA
ASV_337	Bacteria	Proteobacteria	Gammaproteobacteria	NA	NA	NA	NA
ASV_338	Bacteria	Proteobacteria	Gammaproteobacteria	Pseudomonadales	Moraxellaceae	Acinetobacter	NA
ASV_339	Bacteria	Firmicutes	Bacilli	NA	NA	NA	NA
ASV_340	Bacteria	Proteobacteria	Alphaproteobacteria	Rhizobiales	Devosiaceae	NA	NA
ASV_341	Bacteria	Proteobacteria	Gammaproteobacteria	Pseudomonadales	Pseudomonadaceae	NA	NA
ASV_342	Bacteria	Bacteroidota	Bacteroidia	Flavobacteriales	Flavobacteriaceae	Myroides	NA
ASV_343	Bacteria	Firmicutes	Bacilli	Lactobacillales	Lactobacillaceae	Lactobacillus	NA
ASV_344	NA	NA	NA	NA	NA	NA	NA
ASV_345	Bacteria	Firmicutes	Clostridia	Lachnospirales	Lachnospiraceae	NA	NA
ASV_346	Bacteria	Proteobacteria	Alphaproteobacteria	Sphingomonadales	Sphingomonadaceae	Sphingopyxis	NA
ASV_347	Bacteria	Firmicutes	Bacilli	Bacillales	Salisediminibacteriaceae	Salipaludibacillus	NA
ASV_348	Bacteria	Proteobacteria	Gammaproteobacteria	Pseudomonadales	Moraxellaceae	Acinetobacter	NA
ASV_349	Bacteria	Actinobacteriota	Actinobacteria	Corynebacteriales	Mycobacteriaceae	Mycobacterium	NA
ASV_350	Bacteria	Proteobacteria	Gammaproteobacteria	NA	NA	NA	NA
ASV_351	NA	NA	NA	NA	NA	NA	NA
ASV_352	Bacteria	Proteobacteria	Gammaproteobacteria	Burkholderiales	NA	NA	NA
ASV_353	Bacteria	Cyanobacteria	Cyanobacteriia	Chloroplast	NA	NA	NA
ASV_354	Bacteria	Cyanobacteria	Cyanobacteriia	Chloroplast	NA	NA	NA
ASV_355	Bacteria	Proteobacteria	Alphaproteobacteria	Rickettsiales	Mitochondria	NA	NA
ASV_356	Bacteria	Proteobacteria	Alphaproteobacteria	Rickettsiales	Mitochondria	NA	NA
ASV_357	Bacteria	Cyanobacteria	Cyanobacteriia	Chloroplast	NA	NA	NA
ASV_358	Bacteria	Planctomycetota	Planctomycetes	Isosphaerales	Isosphaeraceae	Aquisphaera	NA
ASV_359	Bacteria	Proteobacteria	Alphaproteobacteria	Sphingomonadales	Sphingomonadaceae	NA	NA
ASV_360	Bacteria	Proteobacteria	Gammaproteobacteria	Pseudomonadales	Moraxellaceae	NA	NA
ASV_361	Bacteria	Cyanobacteria	Cyanobacteriia	Cyanobacteriales	Nostocaceae	Scytonema UCFS19	NA
ASV_362	Bacteria	Proteobacteria	Alphaproteobacteria	Rhizobiales	Hyphomicrobiaceae	Hyphomicrobium	NA
ASV_363	Eukaryota	Mucoromycota	Incertae Sedis_5	Mucorales	Mucoraceae	NA	NA
ASV_364	Bacteria	Firmicutes	Bacilli	Bacillales	NA	NA	NA
ASV_365	Bacteria	Proteobacteria	Alphaproteobacteria	Acetobacterales	Acetobacteraceae	Saccharibacter	NA
ASV_366	Bacteria	Acidobacteriota	Holophagae	Holophagales	Holophagaceae	Holophaga	NA
ASV_367	NA	NA	NA	NA	NA	NA	NA
ASV_368	Bacteria	Proteobacteria	Alphaproteobacteria	Rickettsiales	Mitochondria	NA	NA
ASV_369	Bacteria	Bacteroidota	Bacteroidia	Flavobacteriales	Weeksellaceae	Chryseobacterium	NA
ASV_370	NA	NA	NA	NA	NA	NA	NA
ASV_371	Bacteria	Proteobacteria	Alphaproteobacteria	Rhizobiales	Rhizobiaceae	Mesorhizobium	NA
ASV_372	Bacteria	Actinobacteriota	Coriobacteriia	Coriobacteriales	Coriobacteriaceae	Collinsella	NA
ASV_373	NA	NA	NA	NA	NA	NA	NA
ASV_374	Bacteria	Firmicutes	Bacilli	Lactobacillales	NA	NA	NA
ASV_375	Bacteria	Proteobacteria	Gammaproteobacteria	Pseudomonadales	Moraxellaceae	NA	NA
ASV_376	Bacteria	Firmicutes	Bacilli	Lactobacillales	NA	NA	NA
ASV_377	Bacteria	Campilobacterota	Campylobacteria	Campylobacterales	Campylobacteraceae	Campylobacter	NA
ASV_378	Bacteria	NA	NA	NA	NA	NA	NA
ASV_379	Bacteria	Proteobacteria	Gammaproteobacteria	Burkholderiales	Alcaligenaceae	Alcaligenes	NA
ASV_380	Bacteria	Proteobacteria	Gammaproteobacteria	Xanthomonadales	Xanthomonadaceae	Pseudoxanthomonas	NA
ASV_381	Bacteria	Proteobacteria	Alphaproteobacteria	Rickettsiales	Mitochondria	NA	NA
ASV_382	Bacteria	Proteobacteria	Gammaproteobacteria	NA	NA	NA	NA
ASV_383	Bacteria	Bacteroidota	Bacteroidia	Flavobacteriales	Flavobacteriaceae	Flavobacterium	NA
ASV_384	Bacteria	Proteobacteria	Gammaproteobacteria	Orbales	Orbaceae	NA	NA
ASV_385	Bacteria	Firmicutes	Clostridia	Peptostreptococcales-Tissierellales	Peptostreptococcaceae	NA	NA
ASV_386	Bacteria	Bacteroidota	Bacteroidia	Bacteroidales	NA	NA	NA
ASV_387	NA	NA	NA	NA	NA	NA	NA
ASV_388	Bacteria	Firmicutes	Bacilli	Entomoplasmatales	Spiroplasmataceae	Spiroplasma	NA
ASV_389	NA	NA	NA	NA	NA	NA	NA
ASV_390	Bacteria	Proteobacteria	Alphaproteobacteria	Acetobacterales	Acetobacteraceae	Gluconobacter	NA
ASV_391	Bacteria	Firmicutes	Bacilli	Lactobacillales	NA	NA	NA
ASV_392	Bacteria	Proteobacteria	Alphaproteobacteria	Rickettsiales	SM2D12	NA	NA
ASV_393	Bacteria	Proteobacteria	Alphaproteobacteria	Rhizobiales	Beijerinckiaceae	Methylobacterium-Methylorubrum	NA
ASV_394	Bacteria	Firmicutes	Clostridia	Clostridiales	Clostridiaceae	Clostridium sensu stricto 1	NA
ASV_395	Bacteria	Firmicutes	Bacilli	Lactobacillales	Carnobacteriaceae	Atopostipes	NA
ASV_396	Bacteria	Acidobacteriota	Acidobacteriae	NA	NA	NA	NA
ASV_397	NA	NA	NA	NA	NA	NA	NA
ASV_398	NA	NA	NA	NA	NA	NA	NA
ASV_399	Bacteria	Firmicutes	Negativicutes	Veillonellales-Selenomonadales	Selenomonadaceae	Megamonas	NA
ASV_400	NA	NA	NA	NA	NA	NA	NA
ASV_401	Bacteria	Proteobacteria	Gammaproteobacteria	Burkholderiales	Comamonadaceae	NA	NA
ASV_402	NA	NA	NA	NA	NA	NA	NA
ASV_403	Bacteria	Proteobacteria	Gammaproteobacteria	Cardiobacteriales	Wohlfahrtiimonadaceae	Wohlfahrtiimonas	NA
ASV_404	Bacteria	Abditibacteriota	Abditibacteria	Abditibacteriales	Abditibacteriaceae	Abditibacterium	NA
ASV_405	Bacteria	Myxococcota	Polyangia	Polyangiales	Polyangiaceae	Pajaroellobacter	NA
ASV_406	Bacteria	Proteobacteria	Gammaproteobacteria	Pseudomonadales	Moraxellaceae	Acinetobacter	NA
ASV_407	Bacteria	Firmicutes	Clostridia	Lachnospirales	Lachnospiraceae	NA	NA
ASV_408	Bacteria	Firmicutes	Bacilli	Bacillales	Bacillaceae	NA	NA
ASV_409	NA	NA	NA	NA	NA	NA	NA
ASV_410	Bacteria	Actinobacteriota	Actinobacteria	Micrococcales	Brevibacteriaceae	Brevibacterium	NA
ASV_411	Bacteria	Planctomycetota	Planctomycetes	Isosphaerales	Isosphaeraceae	Singulisphaera	NA
ASV_412	Bacteria	Firmicutes	Clostridia	Clostridiales	Clostridiaceae	NA	NA
ASV_413	Bacteria	Firmicutes	Negativicutes	Veillonellales-Selenomonadales	Selenomonadaceae	Megamonas	NA
ASV_414	Bacteria	Firmicutes	Clostridia	Peptostreptococcales-Tissierellales	Peptostreptococcaceae	NA	NA
ASV_415	Bacteria	NA	NA	NA	NA	NA	NA
ASV_416	Bacteria	Proteobacteria	Alphaproteobacteria	Rhizobiales	Beijerinckiaceae	Bosea	NA
ASV_417	Bacteria	Actinobacteriota	Actinobacteria	Bifidobacteriales	Bifidobacteriaceae	Bifidobacterium	NA
ASV_418	Bacteria	Proteobacteria	Gammaproteobacteria	NA	NA	NA	NA
ASV_419	Bacteria	Proteobacteria	Gammaproteobacteria	Enterobacterales	Morganellaceae	NA	NA
ASV_420	Bacteria	Firmicutes	Bacilli	Bacillales	Planococcaceae	NA	NA
ASV_421	Bacteria	Firmicutes	Bacilli	Lactobacillales	Lactobacillaceae	Lactobacillus	NA
ASV_422	Bacteria	Proteobacteria	Alphaproteobacteria	Rickettsiales	Mitochondria	NA	NA
ASV_423	Bacteria	Proteobacteria	Alphaproteobacteria	Sphingomonadales	Sphingomonadaceae	Sphingomonas	NA
ASV_424	Bacteria	NA	NA	NA	NA	NA	NA
ASV_425	Bacteria	Actinobacteriota	Actinobacteria	Streptomycetales	Streptomycetaceae	Streptomyces	NA
ASV_426	NA	NA	NA	NA	NA	NA	NA
ASV_427	Bacteria	Proteobacteria	Alphaproteobacteria	Caulobacterales	Caulobacteraceae	Brevundimonas	NA
ASV_428	NA	NA	NA	NA	NA	NA	NA
ASV_429	Bacteria	Bacteroidota	Bacteroidia	Bacteroidales	Prevotellaceae	Prevotella	NA
ASV_430	Bacteria	Firmicutes	Clostridia	NA	NA	NA	NA
ASV_431	Bacteria	Proteobacteria	Alphaproteobacteria	Acetobacterales	Acetobacteraceae	Gluconobacter	NA
ASV_432	Bacteria	Proteobacteria	Gammaproteobacteria	Cardiobacteriales	Wohlfahrtiimonadaceae	Ignatzschineria	NA
ASV_433	Bacteria	Proteobacteria	Gammaproteobacteria	Pseudomonadales	Moraxellaceae	NA	NA
ASV_434	Bacteria	Proteobacteria	Gammaproteobacteria	Pseudomonadales	Moraxellaceae	Acinetobacter	NA
ASV_435	Bacteria	Firmicutes	Clostridia	NA	NA	NA	NA
ASV_436	Bacteria	Firmicutes	Clostridia	Clostridia UCG-014	NA	NA	NA
ASV_437	Bacteria	Proteobacteria	Gammaproteobacteria	Pseudomonadales	Moraxellaceae	Acinetobacter	NA
ASV_438	Bacteria	Actinobacteriota	Actinobacteria	Micrococcales	Micrococcaceae	Kocuria	NA
ASV_439	Bacteria	Proteobacteria	Alphaproteobacteria	Rhizobiales	Rhizobiaceae	Allorhizobium-Neorhizobium-Pararhizobium-Rhizobium	NA
ASV_440	Bacteria	Proteobacteria	Alphaproteobacteria	Acetobacterales	Acetobacteraceae	Acidiphilium	NA
ASV_441	Bacteria	Proteobacteria	Alphaproteobacteria	Rhizobiales	Xanthobacteraceae	Pseudolabrys	NA
ASV_442	Bacteria	Actinobacteriota	Actinobacteria	Pseudonocardiales	Pseudonocardiaceae	Pseudonocardia	NA
ASV_443	Bacteria	Proteobacteria	Alphaproteobacteria	Sphingomonadales	Sphingomonadaceae	NA	NA
ASV_444	Bacteria	Firmicutes	Clostridia	NA	NA	NA	NA
ASV_445	Bacteria	Patescibacteria	Saccharimonadia	Saccharimonadales	LWQ8	NA	NA
ASV_446	Bacteria	Cyanobacteria	Cyanobacteriia	Chloroplast	NA	NA	NA
ASV_447	Bacteria	Proteobacteria	Gammaproteobacteria	NA	NA	NA	NA
ASV_448	Bacteria	Actinobacteriota	Actinobacteria	Actinomycetales	Actinomycetaceae	Actinotignum	NA
ASV_449	Bacteria	Verrucomicrobiota	Verrucomicrobiae	Pedosphaerales	Pedosphaeraceae	ADurb.Bin063-1	NA
ASV_450	Bacteria	Proteobacteria	Gammaproteobacteria	Burkholderiales	Comamonadaceae	Schlegelella	NA
ASV_451	Bacteria	Proteobacteria	Gammaproteobacteria	Burkholderiales	Neisseriaceae	NA	NA
ASV_452	Bacteria	Firmicutes	Clostridia	Peptostreptococcales-Tissierellales	Anaerovoracaceae	[Eubacterium] brachy group	NA
ASV_453	Bacteria	Firmicutes	Negativicutes	Acidaminococcales	Acidaminococcaceae	Acidaminococcus	NA
ASV_454	Bacteria	Actinobacteriota	Actinobacteria	Streptomycetales	Streptomycetaceae	NA	NA
ASV_455	Bacteria	Actinobacteriota	Actinobacteria	Micrococcales	Micrococcaceae	NA	NA
ASV_456	Bacteria	Actinobacteriota	Actinobacteria	Frankiales	Acidothermaceae	Acidothermus	NA
ASV_457	Bacteria	Actinobacteriota	Actinobacteria	Bifidobacteriales	Bifidobacteriaceae	Bombiscardovia	NA
ASV_458	Bacteria	Proteobacteria	Gammaproteobacteria	Burkholderiales	Alcaligenaceae	Verticiella	NA
ASV_459	Bacteria	Proteobacteria	Alphaproteobacteria	Acetobacterales	Acetobacteraceae	Rhodovastum	NA
ASV_460	NA	NA	NA	NA	NA	NA	NA
ASV_461	Bacteria	Proteobacteria	Gammaproteobacteria	Burkholderiales	Comamonadaceae	NA	NA
ASV_462	Bacteria	NA	NA	NA	NA	NA	NA
ASV_463	Bacteria	Proteobacteria	Gammaproteobacteria	Pseudomonadales	Moraxellaceae	Acinetobacter	NA
ASV_464	Bacteria	NA	NA	NA	NA	NA	NA
ASV_465	Bacteria	Firmicutes	Clostridia	Lachnospirales	Lachnospiraceae	NA	NA
ASV_466	Bacteria	Firmicutes	Clostridia	Peptococcales	Peptococcaceae	Peptococcus	NA
ASV_467	Bacteria	Actinobacteriota	Actinobacteria	Micrococcales	Dermabacteraceae	Dermabacter	NA
ASV_468	Bacteria	Firmicutes	Clostridia	Lachnospirales	Lachnospiraceae	NA	NA
ASV_469	Bacteria	Bacteroidota	Bacteroidia	Cytophagales	Hymenobacteraceae	Hymenobacter	NA
ASV_470	Bacteria	Proteobacteria	Gammaproteobacteria	Burkholderiales	Comamonadaceae	NA	NA
ASV_471	Bacteria	Planctomycetota	Planctomycetes	Pirellulales	Pirellulaceae	Pirellula	NA
ASV_472	Bacteria	Bacteroidota	Bacteroidia	Bacteroidales	Bacteroidaceae	Bacteroides	NA
ASV_473	NA	NA	NA	NA	NA	NA	NA
ASV_474	Bacteria	Actinobacteriota	Actinobacteria	Propionibacteriales	Nocardioidaceae	Aeromicrobium	NA
ASV_475	Bacteria	Acidobacteriota	Blastocatellia	Blastocatellales	Blastocatellaceae	Blastocatella	NA
ASV_476	Bacteria	NA	NA	NA	NA	NA	NA
ASV_477	Bacteria	NA	NA	NA	NA	NA	NA
ASV_478	Bacteria	Firmicutes	Bacilli	Bacillales	Bacillaceae	Terribacillus	NA
ASV_479	Bacteria	Actinobacteriota	Coriobacteriia	Coriobacteriales	Atopobiaceae	Olsenella	NA
ASV_480	NA	NA	NA	NA	NA	NA	NA
ASV_481	NA	NA	NA	NA	NA	NA	NA
ASV_482	NA	NA	NA	NA	NA	NA	NA
ASV_483	Bacteria	Firmicutes	Clostridia	Oscillospirales	Butyricicoccaceae	UCG-008	NA
ASV_484	Eukaryota	Mucoromycota	Incertae Sedis_5	Mucorales	Mucoraceae	NA	NA
ASV_485	Bacteria	Proteobacteria	Gammaproteobacteria	Xanthomonadales	Xanthomonadaceae	NA	NA
ASV_486	Bacteria	Bacteroidota	Bacteroidia	Cytophagales	Hymenobacteraceae	Hymenobacter	NA
ASV_487	Bacteria	Proteobacteria	Gammaproteobacteria	NA	NA	NA	NA
ASV_488	NA	NA	NA	NA	NA	NA	NA
ASV_489	Bacteria	Proteobacteria	Alphaproteobacteria	Rhizobiales	Beijerinckiaceae	Bosea	NA
ASV_490	Bacteria	Actinobacteriota	Actinobacteria	Micrococcales	NA	NA	NA
ASV_491	Bacteria	Bacteroidota	Bacteroidia	Flavobacteriales	Weeksellaceae	Chishuiella	NA
ASV_492	Bacteria	Firmicutes	Bacilli	Lactobacillales	Lactobacillaceae	Lactobacillus	NA
ASV_493	NA	NA	NA	NA	NA	NA	NA
ASV_494	Bacteria	Actinobacteriota	Actinobacteria	Pseudonocardiales	Pseudonocardiaceae	Pseudonocardia	NA
ASV_495	NA	NA	NA	NA	NA	NA	NA
ASV_496	Bacteria	Firmicutes	Bacilli	Lactobacillales	Aerococcaceae	Aerococcus	NA
ASV_497	Bacteria	Firmicutes	Bacilli	Lactobacillales	Streptococcaceae	Streptococcus	NA
ASV_498	Bacteria	Bacteroidota	Bacteroidia	Flavobacteriales	Weeksellaceae	Chryseobacterium	NA
ASV_499	Bacteria	Proteobacteria	Alphaproteobacteria	Rhizobiales	Devosiaceae	NA	NA
ASV_500	Bacteria	Proteobacteria	Alphaproteobacteria	Rhizobiales	Xanthobacteraceae	Afipia	NA
ASV_501	NA	NA	NA	NA	NA	NA	NA
ASV_502	Bacteria	Actinobacteriota	Acidimicrobiia	IMCC26256	NA	NA	NA
ASV_503	NA	NA	NA	NA	NA	NA	NA
ASV_504	Bacteria	Proteobacteria	Alphaproteobacteria	Rhodobacterales	Rhodobacteraceae	Rubellimicrobium	NA
ASV_505	Bacteria	Proteobacteria	Alphaproteobacteria	Sphingomonadales	Sphingomonadaceae	Polymorphobacter	NA
ASV_506	NA	NA	NA	NA	NA	NA	NA
ASV_507	Bacteria	Bacteroidota	Bacteroidia	Cytophagales	Spirosomaceae	Pseudarcicella	NA
ASV_508	Bacteria	Firmicutes	Bacilli	Lactobacillales	Lactobacillaceae	NA	NA
ASV_509	Bacteria	Cyanobacteria	Cyanobacteriia	Chloroplast	NA	NA	NA
ASV_510	NA	NA	NA	NA	NA	NA	NA
ASV_511	Bacteria	Firmicutes	Bacilli	Lactobacillales	Leuconostocaceae	Fructobacillus	NA
ASV_512	NA	NA	NA	NA	NA	NA	NA
ASV_513	NA	NA	NA	NA	NA	NA	NA
ASV_514	Bacteria	Bacteroidota	Bacteroidia	Cytophagales	Hymenobacteraceae	Hymenobacter	NA
ASV_515	Bacteria	Firmicutes	Bacilli	Bacillales	Bacillaceae	NA	NA
ASV_516	NA	NA	NA	NA	NA	NA	NA
ASV_517	Bacteria	Firmicutes	Clostridia	Peptostreptococcales-Tissierellales	NA	NA	NA
ASV_518	NA	NA	NA	NA	NA	NA	NA
ASV_519	Bacteria	Myxococcota	Polyangia	Polyangiales	Polyangiaceae	Aetherobacter	NA
ASV_520	Bacteria	Proteobacteria	Alphaproteobacteria	Caulobacterales	Caulobacteraceae	Brevundimonas	NA
ASV_521	Bacteria	Actinobacteriota	Actinobacteria	Bifidobacteriales	Bifidobacteriaceae	NA	NA
ASV_522	NA	NA	NA	NA	NA	NA	NA
ASV_523	Bacteria	Proteobacteria	Gammaproteobacteria	Pseudomonadales	Moraxellaceae	NA	NA
ASV_524	Bacteria	NA	NA	NA	NA	NA	NA
ASV_525	Eukaryota	Basidiomycota	Tremellomycetes	Tremellales	NA	NA	NA
ASV_526	Bacteria	Actinobacteriota	Actinobacteria	Micrococcales	Microbacteriaceae	NA	NA
ASV_527	NA	NA	NA	NA	NA	NA	NA
ASV_528	Bacteria	NA	NA	NA	NA	NA	NA
ASV_529	NA	NA	NA	NA	NA	NA	NA
ASV_530	Bacteria	Proteobacteria	Alphaproteobacteria	Sphingomonadales	Sphingomonadaceae	Sphingomonas	NA
ASV_531	Bacteria	Bacteroidota	Bacteroidia	Flavobacteriales	Crocinitomicaceae	Fluviicola	NA
ASV_532	Bacteria	Actinobacteriota	Actinobacteria	Micrococcales	Dermabacteraceae	Brachybacterium	NA
ASV_533	Bacteria	Proteobacteria	Gammaproteobacteria	Oceanospirillales	Halomonadaceae	NA	NA
ASV_534	Bacteria	Proteobacteria	Gammaproteobacteria	Gammaproteobacteria Incertae Sedis	Unknown Family_4	Candidatus Ovatusbacter	NA
ASV_535	Bacteria	Firmicutes	NA	NA	NA	NA	NA
ASV_536	Bacteria	Bacteroidota	Bacteroidia	NA	NA	NA	NA
ASV_537	Bacteria	Firmicutes	Bacilli	Bacillales	Bacillaceae	Geobacillus	NA
ASV_538	Bacteria	Acidobacteriota	Vicinamibacteria	Vicinamibacterales	Vicinamibacteraceae	NA	NA
ASV_539	NA	NA	NA	NA	NA	NA	NA
ASV_540	Bacteria	NA	NA	NA	NA	NA	NA
ASV_541	Bacteria	Proteobacteria	Alphaproteobacteria	Rickettsiales	Mitochondria	NA	NA
ASV_542	NA	NA	NA	NA	NA	NA	NA
ASV_543	Bacteria	Proteobacteria	Alphaproteobacteria	Rhizobiales	Beijerinckiaceae	Methylobacterium-Methylorubrum	NA
ASV_544	NA	NA	NA	NA	NA	NA	NA
ASV_545	Bacteria	Verrucomicrobiota	Verrucomicrobiae	Verrucomicrobiales	Rubritaleaceae	Luteolibacter	NA
ASV_546	Bacteria	Myxococcota	Polyangia	Haliangiales	Haliangiaceae	Haliangium	NA
ASV_547	Bacteria	Proteobacteria	Alphaproteobacteria	Rhizobiales	Labraceae	Labrys	NA
ASV_548	Bacteria	Planctomycetota	Planctomycetes	Isosphaerales	Isosphaeraceae	NA	NA
ASV_549	Bacteria	Bacteroidota	Bacteroidia	Bacteroidales	Bacteroidaceae	Bacteroides	NA
ASV_550	Bacteria	Actinobacteriota	Actinobacteria	Corynebacteriales	Nocardiaceae	NA	NA
ASV_551	Bacteria	Firmicutes	Bacilli	Lactobacillales	Leuconostocaceae	Fructobacillus	NA
ASV_552	Bacteria	Bacteroidota	Bacteroidia	Chitinophagales	Chitinophagaceae	Terrimonas	NA
ASV_553	NA	NA	NA	NA	NA	NA	NA
ASV_554	Bacteria	Firmicutes	Bacilli	Lactobacillales	Carnobacteriaceae	Atopostipes	NA
ASV_555	Bacteria	Proteobacteria	Gammaproteobacteria	Enterobacterales	NA	NA	NA
ASV_556	Bacteria	Patescibacteria	Gracilibacteria	Candidatus Peribacteria	NA	NA	NA
ASV_557	NA	NA	NA	NA	NA	NA	NA
ASV_558	Bacteria	Actinobacteriota	Actinobacteria	Frankiales	Sporichthyaceae	hgcI clade	NA
ASV_559	Bacteria	Bacteroidota	Bacteroidia	Flavobacteriales	Flavobacteriaceae	Flavobacterium	NA
ASV_560	Bacteria	Proteobacteria	Gammaproteobacteria	Burkholderiales	Gallionellaceae	NA	NA
ASV_561	Bacteria	Bacteroidota	Bacteroidia	Bacteroidales	Prevotellaceae	NA	NA
ASV_562	NA	NA	NA	NA	NA	NA	NA
ASV_563	Bacteria	Actinobacteriota	Thermoleophilia	Solirubrobacterales	Solirubrobacteraceae	Conexibacter	NA
ASV_564	Bacteria	Bacteroidota	Bacteroidia	Sphingobacteriales	Sphingobacteriaceae	Sphingobacterium	NA
ASV_565	Bacteria	Bacteroidota	Bacteroidia	Chitinophagales	Chitinophagaceae	NA	NA
ASV_566	Bacteria	Actinobacteriota	Thermoleophilia	Solirubrobacterales	Solirubrobacteraceae	Conexibacter	NA
ASV_567	Bacteria	Planctomycetota	Planctomycetes	Isosphaerales	Isosphaeraceae	NA	NA
ASV_568	Bacteria	NA	NA	NA	NA	NA	NA
ASV_569	NA	NA	NA	NA	NA	NA	NA
ASV_570	Bacteria	Proteobacteria	Gammaproteobacteria	WD260	NA	NA	NA
ASV_571	Bacteria	Deinococcota	Deinococci	Deinococcales	Deinococcaceae	Deinococcus	NA
ASV_572	NA	NA	NA	NA	NA	NA	NA
ASV_573	NA	NA	NA	NA	NA	NA	NA
ASV_574	NA	NA	NA	NA	NA	NA	NA
ASV_575	NA	NA	NA	NA	NA	NA	NA
ASV_576	Bacteria	Proteobacteria	Alphaproteobacteria	Tistrellales	Geminicoccaceae	Candidatus Alysiosphaera	NA
ASV_577	Bacteria	Actinobacteriota	Actinobacteria	Corynebacteriales	Corynebacteriaceae	Corynebacterium	NA
ASV_578	Bacteria	Firmicutes	Bacilli	Erysipelotrichales	Erysipelatoclostridiaceae	Erysipelatoclostridium	NA
ASV_579	Bacteria	NA	NA	NA	NA	NA	NA
ASV_580	Bacteria	Firmicutes	Negativicutes	Veillonellales-Selenomonadales	Sporomusaceae	Anaerospora	NA
ASV_581	NA	NA	NA	NA	NA	NA	NA
ASV_582	Bacteria	Acidobacteriota	Acidobacteriae	Solibacterales	Solibacteraceae	Candidatus Solibacter	NA
ASV_583	Bacteria	Firmicutes	Bacilli	Lactobacillales	Carnobacteriaceae	Dolosigranulum	NA
ASV_584	Bacteria	Acidobacteriota	Acidobacteriae	Acidobacteriales	Acidobacteriaceae (Subgroup 1)	Bryocella	NA
ASV_585	Bacteria	Actinobacteriota	Actinobacteria	Frankiales	Nakamurellaceae	Nakamurella	NA
ASV_586	Eukaryota	Apicomplexa	Conoidasida	Gregarinasina	Neogregarinorida	Mattesia	NA
ASV_587	Bacteria	Proteobacteria	Alphaproteobacteria	Rickettsiales	Mitochondria	NA	NA
ASV_588	Bacteria	Proteobacteria	Alphaproteobacteria	Rhizobiales	Beijerinckiaceae	1174-901-12	NA
ASV_589	Bacteria	Proteobacteria	Alphaproteobacteria	Rhizobiales	Devosiaceae	Devosia	NA
ASV_590	Bacteria	Bacteroidota	Bacteroidia	Chitinophagales	Chitinophagaceae	Chitinophaga	NA
ASV_591	Bacteria	Proteobacteria	Alphaproteobacteria	Sphingomonadales	Sphingomonadaceae	Polymorphobacter	NA
ASV_592	NA	NA	NA	NA	NA	NA	NA
ASV_593	NA	NA	NA	NA	NA	NA	NA
ASV_594	Bacteria	Actinobacteriota	Actinobacteria	NA	NA	NA	NA
ASV_595	Bacteria	Chloroflexi	Ktedonobacteria	Ktedonobacterales	Ktedonobacteraceae	Ktedonobacter	NA
ASV_596	NA	NA	NA	NA	NA	NA	NA
ASV_597	NA	NA	NA	NA	NA	NA	NA
ASV_598	Bacteria	Proteobacteria	Alphaproteobacteria	Rhizobiales	Beijerinckiaceae	NA	NA
ASV_599	Bacteria	Planctomycetota	Planctomycetes	Isosphaerales	Isosphaeraceae	NA	NA
ASV_600	NA	NA	NA	NA	NA	NA	NA
ASV_601	NA	NA	NA	NA	NA	NA	NA
ASV_602	Bacteria	Actinobacteriota	Actinobacteria	Frankiales	Frankiaceae	Jatrophihabitans	NA
ASV_603	Bacteria	Bacteroidota	Bacteroidia	Bacteroidales	NA	NA	NA
ASV_604	NA	NA	NA	NA	NA	NA	NA
ASV_605	Bacteria	Actinobacteriota	Actinobacteria	Catenulisporales	Actinospicaceae	Actinospica	NA
ASV_606	NA	NA	NA	NA	NA	NA	NA
ASV_607	Bacteria	Actinobacteriota	Coriobacteriia	Coriobacteriales	Coriobacteriaceae	NA	NA
ASV_608	Bacteria	Firmicutes	Bacilli	Erysipelotrichales	Erysipelotrichaceae	Allobaculum	NA
ASV_609	Bacteria	Bacteroidota	Bacteroidia	Chitinophagales	Chitinophagaceae	Flavihumibacter	NA
ASV_610	Bacteria	NA	NA	NA	NA	NA	NA
ASV_611	Bacteria	Proteobacteria	Alphaproteobacteria	Sphingomonadales	Sphingomonadaceae	Sphingopyxis	NA
ASV_612	Bacteria	Proteobacteria	Gammaproteobacteria	NA	NA	NA	NA
ASV_613	Bacteria	Proteobacteria	Gammaproteobacteria	Burkholderiales	Nitrosomonadaceae	Nitrosomonas	NA
ASV_614	NA	NA	NA	NA	NA	NA	NA
ASV_615	Bacteria	Actinobacteriota	Actinobacteria	Micromonosporales	Micromonosporaceae	NA	NA
ASV_616	Bacteria	Bacteroidota	Bacteroidia	Flavobacteriales	Flavobacteriaceae	Flavobacterium	NA
ASV_617	Bacteria	Proteobacteria	Alphaproteobacteria	Rickettsiales	Mitochondria	NA	NA
ASV_618	Bacteria	Firmicutes	Bacilli	Lactobacillales	Carnobacteriaceae	Alloiococcus	NA
ASV_619	Bacteria	Actinobacteriota	Coriobacteriia	Coriobacteriales	Eggerthellaceae	NA	NA
ASV_620	NA	NA	NA	NA	NA	NA	NA
ASV_621	Bacteria	Patescibacteria	Saccharimonadia	Saccharimonadales	LWQ8	NA	NA
ASV_622	NA	NA	NA	NA	NA	NA	NA
ASV_623	NA	NA	NA	NA	NA	NA	NA
ASV_624	NA	NA	NA	NA	NA	NA	NA
ASV_625	NA	NA	NA	NA	NA	NA	NA
ASV_626	NA	NA	NA	NA	NA	NA	NA
ASV_627	NA	NA	NA	NA	NA	NA	NA
ASV_628	NA	NA	NA	NA	NA	NA	NA
ASV_629	NA	NA	NA	NA	NA	NA	NA
ASV_630	Bacteria	Proteobacteria	Alphaproteobacteria	Rickettsiales	Mitochondria	NA	NA
ASV_631	Bacteria	NA	NA	NA	NA	NA	NA
ASV_632	NA	NA	NA	NA	NA	NA	NA
ASV_633	Bacteria	Fusobacteriota	Fusobacteriia	Fusobacteriales	Fusobacteriaceae	Cetobacterium	NA
ASV_634	Bacteria	Proteobacteria	Gammaproteobacteria	Pseudomonadales	Moraxellaceae	Psychrobacter	NA
ASV_635	Bacteria	FCPU426	NA	NA	NA	NA	NA
ASV_636	Bacteria	Firmicutes	NA	NA	NA	NA	NA
ASV_637	Bacteria	Firmicutes	Bacilli	NA	NA	NA	NA
ASV_638	NA	NA	NA	NA	NA	NA	NA
ASV_639	Bacteria	Gemmatimonadota	Longimicrobia	Longimicrobiales	Longimicrobiaceae	NA	NA
ASV_640	Bacteria	Proteobacteria	Alphaproteobacteria	Sphingomonadales	Sphingomonadaceae	NA	NA
ASV_641	NA	NA	NA	NA	NA	NA	NA
ASV_642	Bacteria	Proteobacteria	Alphaproteobacteria	Dongiales	Dongiaceae	Dongia	NA
ASV_643	NA	NA	NA	NA	NA	NA	NA
ASV_644	NA	NA	NA	NA	NA	NA	NA
ASV_645	NA	NA	NA	NA	NA	NA	NA
ASV_646	NA	NA	NA	NA	NA	NA	NA
ASV_647	Bacteria	Proteobacteria	Alphaproteobacteria	Rickettsiales	Mitochondria	NA	NA
ASV_648	Bacteria	Proteobacteria	Alphaproteobacteria	NA	NA	NA	NA
ASV_649	Bacteria	Proteobacteria	Alphaproteobacteria	Rhizobiales	Kaistiaceae	Kaistia	NA
ASV_650	NA	NA	NA	NA	NA	NA	NA
ASV_651	NA	NA	NA	NA	NA	NA	NA
ASV_652	Bacteria	Actinobacteriota	Actinobacteria	Pseudonocardiales	Pseudonocardiaceae	Crossiella	NA
ASV_653	Bacteria	Verrucomicrobiota	Verrucomicrobiae	Chthoniobacterales	Xiphinematobacteraceae	Candidatus Xiphinematobacter	NA
ASV_654	NA	NA	NA	NA	NA	NA	NA
ASV_655	Bacteria	Patescibacteria	Parcubacteria	NA	NA	NA	NA
ASV_656	Bacteria	Armatimonadota	Armatimonadia	Armatimonadales	Armatimonadaceae	Armatimonas	NA
ASV_657	NA	NA	NA	NA	NA	NA	NA
ASV_658	Bacteria	Bacteroidota	Bacteroidia	Bacteroidales	Dysgonomonadaceae	Proteiniphilum	NA
ASV_659	Bacteria	Campilobacterota	Campylobacteria	Campylobacterales	Sulfurospirillaceae	Sulfurospirillum	NA
ASV_660	Bacteria	Proteobacteria	Gammaproteobacteria	NA	NA	NA	NA
ASV_661	Bacteria	Proteobacteria	Alphaproteobacteria	Rickettsiales	Mitochondria	NA	NA
ASV_662	Bacteria	Proteobacteria	Alphaproteobacteria	Rickettsiales	Mitochondria	NA	NA
ASV_663	Bacteria	NA	NA	NA	NA	NA	NA
ASV_664	Bacteria	Cyanobacteria	Cyanobacteriia	Chloroplast	NA	NA	NA
ASV_665	Bacteria	NA	NA	NA	NA	NA	NA
ASV_666	Bacteria	Proteobacteria	Gammaproteobacteria	Enterobacterales	Enterobacteriaceae	NA	NA
