sample_name	year	period	site	specimen	color_p	color_s	type	plate	quant_reading
GBP23010301M_ITS_F48	23	p01	s03	01M	#440154FF	#240C4FFF	sample	F48	6
GBP23010302M_ITS_F96	23	p01	s03	02M	#440154FF	#240C4FFF	sample	F96	3003
GBP23010303M_ITS_F96	23	p01	s03	03M	#440154FF	#240C4FFF	sample	F96	685
GBP23010304M_ITS_F96	23	p01	s03	04M	#440154FF	#240C4FFF	sample	F96	30828
GBP23010305M_ITS_F96	23	p01	s03	05M	#440154FF	#240C4FFF	sample	F96	0
GBP23010501M_ITS_F96	23	p01	s05	01M	#440154FF	#5D126EFF	sample	F96	63437
GBP23010901M_ITS_F96	23	p01	s09	01M	#440154FF	#C73E4CFF	sample	F96	46
GBP23011001M_ITS_F96	23	p01	s10	01M	#440154FF	#DD513AFF	sample	F96	31803
GBP23011101M_ITS_F96	23	p01	s11	01M	#440154FF	#ED6925FF	sample	F96	6878
GBP23011102M_ITS_F96	23	p01	s11	02M	#440154FF	#ED6925FF	sample	F96	62
GBP23020201M_ITS_F96	23	p02	s02	01M	#414487FF	#0C0826FF	sample	F96	10737
GBP23020202M_ITS_F96	23	p02	s02	02M	#414487FF	#0C0826FF	sample	F96	7315
GBP23020301M_ITS_F96	23	p02	s03	01M	#414487FF	#240C4FFF	sample	F96	30826
GBP23020302M_ITS_F96	23	p02	s03	02M	#414487FF	#240C4FFF	sample	F96	43000
GBP23020303M_ITS_F96	23	p02	s03	03M	#414487FF	#240C4FFF	sample	F96	118450
GBP23020304M_ITS_F96	23	p02	s03	04M	#414487FF	#240C4FFF	sample	F96	2869
GBP23020305M_ITS_F96	23	p02	s03	05M	#414487FF	#240C4FFF	sample	F96	26
GBP23020401M_ITS_F96	23	p02	s04	01M	#414487FF	#420A68FF	sample	F96	4505
GBP23020402M_ITS_F96	23	p02	s04	02M	#414487FF	#420A68FF	sample	F96	1488
GBP23020403M_ITS_F96	23	p02	s04	03M	#414487FF	#420A68FF	sample	F96	2510
GBP23020404M_ITS_F48	23	p02	s04	04M	#414487FF	#420A68FF	sample	F48	16374
GBP23020501M_ITS_F96	23	p02	s05	01M	#414487FF	#5D126EFF	sample	F96	393
GBP23020601M_ITS_F96	23	p02	s06	01M	#414487FF	#781C6DFF	sample	F96	107011
GBP23020602M_ITS_F96	23	p02	s06	02M	#414487FF	#781C6DFF	sample	F96	2
GBP23020701M_ITS_F96	23	p02	s07	01M	#414487FF	#932667FF	sample	F96	62705
GBP23020801M_ITS_F96	23	p02	s08	01M	#414487FF	#AE305CFF	sample	F96	38162
GBP23020802M_ITS_F96	23	p02	s08	02M	#414487FF	#AE305CFF	sample	F96	35
GBP23020901M_ITS_F48	23	p02	s09	01M	#414487FF	#C73E4CFF	sample	F48	57
GBP23020902M_ITS_F96	23	p02	s09	02M	#414487FF	#C73E4CFF	sample	F96	41
GBP23020903M_ITS_F96	23	p02	s09	03M	#414487FF	#C73E4CFF	sample	F96	125397
GBP23021102M_ITS_F48	23	p02	s11	02M	#414487FF	#ED6925FF	sample	F48	980
GBP23021103M_ITS_F96	23	p02	s11	03M	#414487FF	#ED6925FF	sample	F96	2489
GBP23021104M_ITS_F96	23	p02	s11	04M	#414487FF	#ED6925FF	sample	F96	55
GBP23021105M_ITS_F96	23	p02	s11	05M	#414487FF	#ED6925FF	sample	F96	62314
GBP23021401M_ITS_F96	23	p02	s14	01M	#414487FF	#FAC62DFF	sample	F96	3526
GBP23021402M_ITS_F96	23	p02	s14	02M	#414487FF	#FAC62DFF	sample	F96	4132
GBP23021501M_ITS_F96	23	p02	s15	01M	#414487FF	#F2E661FF	sample	F96	1662
GBP23021601M_ITS_F48	23	p02	s16	01M	#414487FF	#FCFFA4FF	sample	F48	34
GBP23021602M_ITS_F96	23	p02	s16	02M	#414487FF	#FCFFA4FF	sample	F96	0
GBP23021603M_ITS_F96	23	p02	s16	03M	#414487FF	#FCFFA4FF	sample	F96	67384
GBP23021604M_ITS_F96	23	p02	s16	04M	#414487FF	#FCFFA4FF	sample	F96	96325
GBP23021605M_ITS_F96	23	p02	s16	05M	#414487FF	#FCFFA4FF	sample	F96	20
GBP23030101M_ITS_F96	23	p03	s01	01M	#2A788EFF	#000004FF	sample	F96	45490
GBP23030102M_ITS_F96	23	p03	s01	02M	#2A788EFF	#000004FF	sample	F96	47
GBP23030201M_ITS_F96	23	p03	s02	01M	#2A788EFF	#0C0826FF	sample	F96	2052
GBP23030501M_ITS_F96	23	p03	s05	01M	#2A788EFF	#5D126EFF	sample	F96	4817
GBP23031301M_ITS_F96	23	p03	s13	01M	#2A788EFF	#FCA50AFF	sample	F96	13188
GBP23031401M_ITS_F96	23	p03	s14	01M	#2A788EFF	#FAC62DFF	sample	F96	101
GBP23031402M_ITS_F96	23	p03	s14	02M	#2A788EFF	#FAC62DFF	sample	F96	28526
GBP23031403M_ITS_F48	23	p03	s14	03M	#2A788EFF	#FAC62DFF	sample	F48	10424
GBP23031404M_ITS_F96	23	p03	s14	04M	#2A788EFF	#FAC62DFF	sample	F96	11
GBP23031405M_ITS_F48	23	p03	s14	05M	#2A788EFF	#FAC62DFF	sample	F48	15723
GBP23031601M_ITS_F96	23	p03	s16	01M	#2A788EFF	#FCFFA4FF	sample	F96	103
GBP23040101M_ITS_F96	23	p04	s01	01M	#22A884FF	#000004FF	sample	F96	4
GBP23040201M_ITS_F96	23	p04	s02	01M	#22A884FF	#0C0826FF	sample	F96	450
GBP23040202M_ITS_F96	23	p04	s02	02M	#22A884FF	#0C0826FF	sample	F96	196718
GBP23040203M_ITS_F96	23	p04	s02	03M	#22A884FF	#0C0826FF	sample	F96	1318
GBP23040301M_ITS_F96	23	p04	s03	01M	#22A884FF	#240C4FFF	sample	F96	21811
GBP23040401M_ITS_F96	23	p04	s04	01M	#22A884FF	#420A68FF	sample	F96	248
GBP23040402M_ITS_F48	23	p04	s04	02M	#22A884FF	#420A68FF	sample	F48	2
GBP23040403M_ITS_F48	23	p04	s04	03M	#22A884FF	#420A68FF	sample	F48	36929
GBP23040701M_ITS_F96	23	p04	s07	01M	#22A884FF	#932667FF	sample	F96	26995
GBP23040702M_ITS_F48	23	p04	s07	02M	#22A884FF	#932667FF	sample	F48	6
GBP23041101M_ITS_F48	23	p04	s11	01M	#22A884FF	#ED6925FF	sample	F48	138
GBP23041102M_ITS_F48	23	p04	s11	02M	#22A884FF	#ED6925FF	sample	F48	25311
GBP23041103M_ITS_F96	23	p04	s11	03M	#22A884FF	#ED6925FF	sample	F96	876
GBP23041104M_ITS_F48	23	p04	s11	04M	#22A884FF	#ED6925FF	sample	F48	1185
GBP23041105M_ITS_F96	23	p04	s11	05M	#22A884FF	#ED6925FF	sample	F96	1826
GBP23041301M_ITS_F96	23	p04	s13	01M	#22A884FF	#FCA50AFF	sample	F96	5062
GBP23041302M_ITS_F48	23	p04	s13	02M	#22A884FF	#FCA50AFF	sample	F48	1
GBP23041401M_ITS_F96	23	p04	s14	01M	#22A884FF	#FAC62DFF	sample	F96	310120
GBP23041402M_ITS_F96	23	p04	s14	02M	#22A884FF	#FAC62DFF	sample	F96	4227
GBP23041403M_ITS_F96	23	p04	s14	03M	#22A884FF	#FAC62DFF	sample	F96	22503
GBP23041404M_ITS_F96	23	p04	s14	04M	#22A884FF	#FAC62DFF	sample	F96	104403
GBP23041405M_ITS_F96	23	p04	s14	05M	#22A884FF	#FAC62DFF	sample	F96	32
GBP23041406M_ITS_F96	23	p04	s14	06M	#22A884FF	#FAC62DFF	sample	F96	18832
GBP23050301M_ITS_F96	23	p05	s03	01M	#7AD151FF	#240C4FFF	sample	F96	9463
GBP23050401M_ITS_F48	23	p05	s04	01M	#7AD151FF	#420A68FF	sample	F48	9368
GBP23050403M_ITS_F48	23	p05	s04	03M	#7AD151FF	#420A68FF	sample	F48	133493
GBP23050501M_ITS_F96	23	p05	s05	01M	#7AD151FF	#5D126EFF	sample	F96	3215
GBP23050502M_ITS_F48	23	p05	s05	02M	#7AD151FF	#5D126EFF	sample	F48	5248
GBP23050701M_ITS_F48	23	p05	s07	01M	#7AD151FF	#932667FF	sample	F48	110
GBP23050702M_ITS_F96	23	p05	s07	02M	#7AD151FF	#932667FF	sample	F96	8815
GBP23051601M_ITS_F96	23	p05	s16	01M	#7AD151FF	#FCFFA4FF	sample	F96	634
GBP23051602M_ITS_F96	23	p05	s16	02M	#7AD151FF	#FCFFA4FF	sample	F96	228
GBP23051603M_ITS_F96	23	p05	s16	03M	#7AD151FF	#FCFFA4FF	sample	F96	4
GBP23060101M_ITS_F96	23	p06	s01	01M	#FDE725FF	#000004FF	sample	F96	1
GBP23060102M_ITS_F96	23	p06	s01	02M	#FDE725FF	#000004FF	sample	F96	7588
GBP23060103M_ITS_F48	23	p06	s01	03M	#FDE725FF	#000004FF	sample	F48	485
GBP23060104M_ITS_F48	23	p06	s01	04M	#FDE725FF	#000004FF	sample	F48	21071
GBP23060105M_ITS_F48	23	p06	s01	05M	#FDE725FF	#000004FF	sample	F48	1569
GBP23060201M_ITS_F48	23	p06	s02	01M	#FDE725FF	#0C0826FF	sample	F48	148
GBP23060202M_ITS_F48	23	p06	s02	02M	#FDE725FF	#0C0826FF	sample	F48	7322
GBP23060203M_ITS_F96	23	p06	s02	03M	#FDE725FF	#0C0826FF	sample	F96	83952
GBP23060204M_ITS_F48	23	p06	s02	04M	#FDE725FF	#0C0826FF	sample	F48	15
GBP23060205M_ITS_F48	23	p06	s02	05M	#FDE725FF	#0C0826FF	sample	F48	46844
GBP23060301M_ITS_F48	23	p06	s03	01M	#FDE725FF	#240C4FFF	sample	F48	179299
GBP23060302M_ITS_F48	23	p06	s03	02M	#FDE725FF	#240C4FFF	sample	F48	69302
GBP23060303M_ITS_F96	23	p06	s03	03M	#FDE725FF	#240C4FFF	sample	F96	9070
GBP23060304M_ITS_F96	23	p06	s03	04M	#FDE725FF	#240C4FFF	sample	F96	9099
GBP23060305M_ITS_F48	23	p06	s03	05M	#FDE725FF	#240C4FFF	sample	F48	3962
GBP23060401M_ITS_F96	23	p06	s04	01M	#FDE725FF	#420A68FF	sample	F96	6
GBP23060402M_ITS_F96	23	p06	s04	02M	#FDE725FF	#420A68FF	sample	F96	44581
GBP23060403M_ITS_F48	23	p06	s04	03M	#FDE725FF	#420A68FF	sample	F48	28015
GBP23060404M_ITS_F96	23	p06	s04	04M	#FDE725FF	#420A68FF	sample	F96	37533
GBP23060501M_ITS_F48	23	p06	s05	01M	#FDE725FF	#5D126EFF	sample	F48	125100
GBP23060701M_ITS_F96	23	p06	s07	01M	#FDE725FF	#932667FF	sample	F96	16542
GBP23060801M_ITS_F96	23	p06	s08	01M	#FDE725FF	#AE305CFF	sample	F96	303
GBP23060901M_ITS_F48	23	p06	s09	01M	#FDE725FF	#C73E4CFF	sample	F48	3986
GBP23061001M_ITS_F48	23	p06	s10	01M	#FDE725FF	#DD513AFF	sample	F48	2674
GBP23061002M_ITS_F96	23	p06	s10	02M	#FDE725FF	#DD513AFF	sample	F96	1367
GBP23061003M_ITS_F96	23	p06	s10	03M	#FDE725FF	#DD513AFF	sample	F96	1
GBP23061004M_ITS_F96	23	p06	s10	04M	#FDE725FF	#DD513AFF	sample	F96	30354
GBP23061005M_ITS_F96	23	p06	s10	05M	#FDE725FF	#DD513AFF	sample	F96	2539
GBP23061201M_ITS_F48	23	p06	s12	01M	#FDE725FF	#F8850FFF	sample	F48	93003
GBP23061202M_ITS_F96	23	p06	s12	02M	#FDE725FF	#F8850FFF	sample	F96	106310
GBP23061301M_ITS_F96	23	p06	s13	01M	#FDE725FF	#FCA50AFF	sample	F96	1350
GBP23061303M_ITS_F48	23	p06	s13	03M	#FDE725FF	#FCA50AFF	sample	F48	70
GBP23061304M_ITS_F96	23	p06	s13	04M	#FDE725FF	#FCA50AFF	sample	F96	4071
GBP23061305M_ITS_F96	23	p06	s13	05M	#FDE725FF	#FCA50AFF	sample	F96	21200
GBP23061401M_ITS_F96	23	p06	s14	01M	#FDE725FF	#FAC62DFF	sample	F96	48735
GBP23061402M_ITS_F96	23	p06	s14	02M	#FDE725FF	#FAC62DFF	sample	F96	2756
GBP23061404M_ITS_F96	23	p06	s14	04M	#FDE725FF	#FAC62DFF	sample	F96	456
GBP23061405M_ITS_F48	23	p06	s14	05M	#FDE725FF	#FAC62DFF	sample	F48	640
neg1_ITS_F96	NA	pNA	sNA	NA1	red	red	negative	F96	523
neg2_ITS_F96	NA	pNA	sNA	NA2	red	red	negative	F96	14610
neg4_ITS_F96	NA	pNA	sNA	NA3	red	red	negative	F96	821
neg5_ITS_F96	NA	pNA	sNA	NA4	red	red	negative	F96	187
neg7_ITS_F48	NA	pNA	sNA	NA5	red	red	negative	F48	26
neg9_ITS_F48	NA	pNA	sNA	NA6	red	red	negative	F48	0
negPCR_ITS_F48	NA	pNA	sNA	NA7	red	red	negative	F48	10
negPCR_ITS_F96	NA	pNA	sNA	NA8	red	red	negative	F96	2891
