"Assemblage","Diversity","Observed","Estimator","s.e.","LCL","UCL","completeness","year","period","site","specimen","color_p","color_s","type","plate","quant_reading","is.neg","period_num","site_num","j","Periodo","Sitio","n_plants"
"GBP23010301M_ITS_F48","Species richness",2,2,0.337997668989631,2,2.66246325807817,1,23,"p01","s03","01M","#440154FF","#240C4FFF","sample","F48",6,FALSE,1,3,"1 3",1,3,11
"GBP23010301M_ITS_F48","Shannon diversity",1.88988157484231,2.07047443729748,0.374040162329494,1.33736919036015,2.8035796842348,0.912777062492552,23,"p01","s03","01M","#440154FF","#240C4FFF","sample","F48",6,FALSE,1,3,"1 3",1,3,11
"GBP23010301M_ITS_F48","Simpson diversity",1.8,2.14285714285714,0.486072251590474,1.19017303585552,3.09554124985876,0.84,23,"p01","s03","01M","#440154FF","#240C4FFF","sample","F48",6,FALSE,1,3,"1 3",1,3,11
"GBP23010302M_ITS_F96","Species richness",26,26,0.60793543613583,26,27.1915315597519,1,23,"p01","s03","02M","#440154FF","#240C4FFF","sample","F96",3003,FALSE,1,3,"1 3",1,3,11
"GBP23010302M_ITS_F96","Shannon diversity",4.83375313995418,4.85425410186106,0.125889109609604,4.60751598098043,5.1009922227417,0.995776701944995,23,"p01","s03","02M","#440154FF","#240C4FFF","sample","F96",3003,FALSE,1,3,"1 3",1,3,11
"GBP23010302M_ITS_F96","Simpson diversity",3.06840933179312,3.07052495553445,0.0524742384104742,2.96767733813376,3.17337257293515,0.999310989563031,23,"p01","s03","02M","#440154FF","#240C4FFF","sample","F96",3003,FALSE,1,3,"1 3",1,3,11
"GBP23010303M_ITS_F96","Species richness",24,24,1.09354875775943,24,26.143316180547,1,23,"p01","s03","03M","#440154FF","#240C4FFF","sample","F96",685,FALSE,1,3,"1 3",1,3,11
"GBP23010303M_ITS_F96","Shannon diversity",10.1184385457684,10.2942218079949,0.465386836421124,9.38208036973045,11.2063632462593,0.982924084451925,23,"p01","s03","03M","#440154FF","#240C4FFF","sample","F96",685,FALSE,1,3,"1 3",1,3,11
"GBP23010303M_ITS_F96","Simpson diversity",5.78304097192091,5.82388537420922,0.370535364252022,5.09764940527682,6.55012134314161,0.992986743442928,23,"p01","s03","03M","#440154FF","#240C4FFF","sample","F96",685,FALSE,1,3,"1 3",1,3,11
"GBP23010304M_ITS_F96","Species richness",142,142,0.439021058260194,142,142.860465462645,1,23,"p01","s03","04M","#440154FF","#240C4FFF","sample","F96",30828,FALSE,1,3,"1 3",1,3,11
"GBP23010304M_ITS_F96","Shannon diversity",43.8854711252147,43.9867781072292,0.364588915790527,43.2721969631172,44.7013592513411,0.997696876507584,23,"p01","s03","04M","#440154FF","#240C4FFF","sample","F96",30828,FALSE,1,3,"1 3",1,3,11
"GBP23010304M_ITS_F96","Simpson diversity",21.4500196322516,21.4642970618739,0.221269601588109,21.0306166118877,21.8979775118601,0.999334828921669,23,"p01","s03","04M","#440154FF","#240C4FFF","sample","F96",30828,FALSE,1,3,"1 3",1,3,11
"GBP23010501M_ITS_F96","Species richness",161,161,3.6273006004643,161,168.109378538011,1,23,"p01","s05","01M","#440154FF","#5D126EFF","sample","F96",63437,FALSE,1,5,"1 5",1,5,3
"GBP23010501M_ITS_F96","Shannon diversity",54.7404061412928,54.8304709836478,0.255119123330451,54.3304466901527,55.3304952771429,0.998357394333128,23,"p01","s05","01M","#440154FF","#5D126EFF","sample","F96",63437,FALSE,1,5,"1 5",1,5,3
"GBP23010501M_ITS_F96","Simpson diversity",39.5926021571197,39.6235979562878,0.206001385033314,39.2198426608571,40.0273532517184,0.999217743951413,23,"p01","s05","01M","#440154FF","#5D126EFF","sample","F96",63437,FALSE,1,5,"1 5",1,5,3
"GBP23010901M_ITS_F96","Species richness",9,9,1.37665577961672,9,11.6981957471577,1,23,"p01","s09","01M","#440154FF","#C73E4CFF","sample","F96",46,FALSE,1,9,"1 9",1,9,11
"GBP23010901M_ITS_F96","Shannon diversity",7.67665116151225,8.41027919823456,0.729821619742833,6.97985510839992,9.8407032880692,0.912770073450557,23,"p01","s09","01M","#440154FF","#C73E4CFF","sample","F96",46,FALSE,1,9,"1 9",1,9,11
"GBP23010901M_ITS_F96","Simpson diversity",6.73885350318471,7.72388059701494,0.976534884164155,5.80990739440621,9.63785379962368,0.872469922151449,23,"p01","s09","01M","#440154FF","#C73E4CFF","sample","F96",46,FALSE,1,9,"1 9",1,9,11
"GBP23011001M_ITS_F96","Species richness",83,83,2.61526160868622,83,88.1258185631753,1,23,"p01","s10","01M","#440154FF","#DD513AFF","sample","F96",31803,FALSE,1,10,"1 10",1,10,10
"GBP23011001M_ITS_F96","Shannon diversity",2.85110376956274,2.85483747603359,0.0318783620406612,2.79235703454776,2.91731791751941,0.998692147450705,23,"p01","s10","01M","#440154FF","#DD513AFF","sample","F96",31803,FALSE,1,10,"1 10",1,10,10
"GBP23011001M_ITS_F96","Simpson diversity",1.49667838280183,1.49670176392441,0.00768332927833282,1.48164271525751,1.5117608125913,0.999984378235435,23,"p01","s10","01M","#440154FF","#DD513AFF","sample","F96",31803,FALSE,1,10,"1 10",1,10,10
"GBP23011101M_ITS_F96","Species richness",106,106,1.70677511651573,106,109.34521775808,1,23,"p01","s11","01M","#440154FF","#ED6925FF","sample","F96",6878,FALSE,1,11,"1 11",1,11,5
"GBP23011101M_ITS_F96","Shannon diversity",31.2157211242734,31.4582655680942,0.69819212875537,30.0898341414443,32.8266969947441,0.992289961336367,23,"p01","s11","01M","#440154FF","#ED6925FF","sample","F96",6878,FALSE,1,11,"1 11",1,11,5
"GBP23011101M_ITS_F96","Simpson diversity",11.8802772900234,11.8991031649598,0.369850356710056,11.1742097861388,12.6239965437808,0.99841787446706,23,"p01","s11","01M","#440154FF","#ED6925FF","sample","F96",6878,FALSE,1,11,"1 11",1,11,5
"GBP23011102M_ITS_F96","Species richness",12,12,1.3271401569195,12,14.6011469099991,1,23,"p01","s11","02M","#440154FF","#ED6925FF","sample","F96",62,FALSE,1,11,"1 11",1,11,5
"GBP23011102M_ITS_F96","Shannon diversity",10.2015098152528,11.1946109860961,0.824678658159569,9.57827051728454,12.8109514549077,0.911287567555781,23,"p01","s11","02M","#440154FF","#ED6925FF","sample","F96",62,FALSE,1,11,"1 11",1,11,5
"GBP23011102M_ITS_F96","Simpson diversity",8.85714285714286,10.1666666666666,1.10257805798822,8.00565338286562,12.3276799504677,0.871194379391103,23,"p01","s11","02M","#440154FF","#ED6925FF","sample","F96",62,FALSE,1,11,"1 11",1,11,5
"GBP23020201M_ITS_F96","Species richness",39,39,3.80448460993228,39,46.4566528152042,1,23,"p02","s02","01M","#414487FF","#0C0826FF","sample","F96",10737,FALSE,2,2,"2 2",2,2,10
"GBP23020201M_ITS_F96","Shannon diversity",4.49320527244325,4.50140127879529,0.0492470698255052,4.40487879559317,4.59792376199741,0.998179232233604,23,"p02","s02","01M","#414487FF","#0C0826FF","sample","F96",10737,FALSE,2,2,"2 2",2,2,10
"GBP23020201M_ITS_F96","Simpson diversity",3.43299584112086,3.43377400411186,0.0316416846600952,3.3717574417679,3.49579056645582,0.999773379672027,23,"p02","s02","01M","#414487FF","#0C0826FF","sample","F96",10737,FALSE,2,2,"2 2",2,2,10
"GBP23020202M_ITS_F96","Species richness",69,69.24996582365,3.01980770803202,69,75.1686801716292,0.996390383436627,23,"p02","s02","02M","#414487FF","#0C0826FF","sample","F96",7315,FALSE,2,2,"2 2",2,2,10
"GBP23020202M_ITS_F96","Shannon diversity",13.7883050424431,13.8544417255959,0.255759042143204,13.3531632142747,14.355720236917,0.995226319150012,23,"p02","s02","02M","#414487FF","#0C0826FF","sample","F96",7315,FALSE,2,2,"2 2",2,2,10
"GBP23020202M_ITS_F96","Simpson diversity",7.26651451714731,7.27274568564858,0.149765763791008,6.97921018250107,7.56628118879609,0.99914321650026,23,"p02","s02","02M","#414487FF","#0C0826FF","sample","F96",7315,FALSE,2,2,"2 2",2,2,10
"GBP23020301M_ITS_F96","Species richness",131,131,2.55552550755137,131,136.008737956374,1,23,"p02","s03","01M","#414487FF","#240C4FFF","sample","F96",30826,FALSE,2,3,"2 3",2,3,9
"GBP23020301M_ITS_F96","Shannon diversity",56.4782866960064,56.7163222309205,0.516928420342045,55.7031611444649,57.7294833173761,0.995803050593707,23,"p02","s03","01M","#414487FF","#240C4FFF","sample","F96",30826,FALSE,2,3,"2 3",2,3,9
"GBP23020301M_ITS_F96","Simpson diversity",33.1246141652271,33.1928141234475,0.511805297917294,32.1896941724328,34.1959340744622,0.997945339676029,23,"p02","s03","01M","#414487FF","#240C4FFF","sample","F96",30826,FALSE,2,3,"2 3",2,3,9
"GBP23020302M_ITS_F96","Species richness",104,104,0.440239097144158,104,104.862852774989,1,23,"p02","s03","02M","#414487FF","#240C4FFF","sample","F96",43000,FALSE,2,3,"2 3",2,3,9
"GBP23020302M_ITS_F96","Shannon diversity",46.5835178376123,46.6420972795007,0.238173491320128,46.1752858144411,47.1089087445603,0.998744065011971,23,"p02","s03","02M","#414487FF","#240C4FFF","sample","F96",43000,FALSE,2,3,"2 3",2,3,9
"GBP23020302M_ITS_F96","Simpson diversity",27.4233735397947,27.4409893292883,0.268726436230835,26.9142951925821,27.9676834659946,0.999358048309328,23,"p02","s03","02M","#414487FF","#240C4FFF","sample","F96",43000,FALSE,2,3,"2 3",2,3,9
"GBP23020303M_ITS_F96","Species richness",152,152,0.633367004831737,152,153.241376518466,1,23,"p02","s03","03M","#414487FF","#240C4FFF","sample","F96",118450,FALSE,2,3,"2 3",2,3,9
"GBP23020303M_ITS_F96","Shannon diversity",5.86578870663884,5.87040923433209,0.0428516629852088,5.78642151820344,5.95439695046075,0.999212912165266,23,"p02","s03","03M","#414487FF","#240C4FFF","sample","F96",118450,FALSE,2,3,"2 3",2,3,9
"GBP23020303M_ITS_F96","Simpson diversity",1.99342634359132,1.99344686761617,0.00766443963399063,1.97842484197187,2.00846889326048,0.999989704252878,23,"p02","s03","03M","#414487FF","#240C4FFF","sample","F96",118450,FALSE,2,3,"2 3",2,3,9
"GBP23020304M_ITS_F96","Species richness",29,29,2.17403642602643,29,33.26103309609,1,23,"p02","s03","04M","#414487FF","#240C4FFF","sample","F96",2869,FALSE,2,3,"2 3",2,3,9
"GBP23020304M_ITS_F96","Shannon diversity",1.60629803048193,1.61444558046277,0.0366372724523153,1.54263784596445,1.68625331496109,0.994953344925686,23,"p02","s03","04M","#414487FF","#240C4FFF","sample","F96",2869,FALSE,2,3,"2 3",2,3,9
"GBP23020304M_ITS_F96","Simpson diversity",1.15938556443197,1.15944999943636,0.0100898507025265,1.13967425545002,1.1792257434227,0.999944426232762,23,"p02","s03","04M","#414487FF","#240C4FFF","sample","F96",2869,FALSE,2,3,"2 3",2,3,9
"GBP23020305M_ITS_F96","Species richness",4,4,0.384065798094744,4,4.75275513195933,1,23,"p02","s03","05M","#414487FF","#240C4FFF","sample","F96",26,FALSE,2,3,"2 3",2,3,9
"GBP23020305M_ITS_F96","Shannon diversity",3.43271441536795,3.64616126327963,0.378152370475096,2.90499623647999,4.38732629007926,0.941459844340595,23,"p02","s03","05M","#414487FF","#240C4FFF","sample","F96",26,FALSE,2,3,"2 3",2,3,9
"GBP23020305M_ITS_F96","Simpson diversity",3.10091743119266,3.38541666666666,0.465321102722871,2.47340406408337,4.29742926924995,0.915963302752295,23,"p02","s03","05M","#414487FF","#240C4FFF","sample","F96",26,FALSE,2,3,"2 3",2,3,9
"GBP23020401M_ITS_F96","Species richness",69,69,3.08114625608411,69,75.0389356930253,1,23,"p02","s04","01M","#414487FF","#420A68FF","sample","F96",4505,FALSE,2,4,"2 4",2,4,15
"GBP23020401M_ITS_F96","Shannon diversity",12.2807005523273,12.3758392958401,0.30493869997919,11.7781704263885,12.9735081652918,0.992312542104132,23,"p02","s04","01M","#414487FF","#420A68FF","sample","F96",4505,FALSE,2,4,"2 4",2,4,15
"GBP23020401M_ITS_F96","Simpson diversity",6.07430153100943,6.08115268606828,0.12315413554085,5.83977501586105,6.32253035627551,0.998873378878556,23,"p02","s04","01M","#414487FF","#420A68FF","sample","F96",4505,FALSE,2,4,"2 4",2,4,15
"GBP23020402M_ITS_F96","Species richness",17,17,1.4880983412556,17,19.9166191543148,1,23,"p02","s04","02M","#414487FF","#420A68FF","sample","F96",1488,FALSE,2,4,"2 4",2,4,15
"GBP23020402M_ITS_F96","Shannon diversity",2.830148676354,2.84598048067405,0.0940424317528726,2.66166070141986,3.03030025992825,0.994437135311516,23,"p02","s04","02M","#414487FF","#420A68FF","sample","F96",1488,FALSE,2,4,"2 4",2,4,15
"GBP23020402M_ITS_F96","Simpson diversity",2.02917273057198,2.03057812104238,0.0525414310089656,1.92759880856861,2.13355743351615,0.999307886529536,23,"p02","s04","02M","#414487FF","#420A68FF","sample","F96",1488,FALSE,2,4,"2 4",2,4,15
"GBP23020403M_ITS_F96","Species richness",94,94,1.22363816378201,94,96.3982867311215,1,23,"p02","s04","03M","#414487FF","#420A68FF","sample","F96",2510,FALSE,2,4,"2 4",2,4,15
"GBP23020403M_ITS_F96","Shannon diversity",56.6938365221132,57.7716804659792,0.994522102881927,55.8224529625016,59.7209079694568,0.981343039787449,23,"p02","s04","03M","#414487FF","#420A68FF","sample","F96",2510,FALSE,2,4,"2 4",2,4,15
"GBP23020403M_ITS_F96","Simpson diversity",37.2928182044917,37.8410652713815,1.10011388224354,35.6848816832916,39.9972488594713,0.985511849020161,23,"p02","s04","03M","#414487FF","#420A68FF","sample","F96",2510,FALSE,2,4,"2 4",2,4,15
"GBP23020404M_ITS_F48","Species richness",74,74,2.7262658469495,74,79.3433828723026,1,23,"p02","s04","04M","#414487FF","#420A68FF","sample","F48",16374,FALSE,2,4,"2 4",2,4,15
"GBP23020404M_ITS_F48","Shannon diversity",3.69887872437867,3.70733277234607,0.0454924825041142,3.61816914507068,3.79649639962145,0.997719641454778,23,"p02","s04","04M","#414487FF","#420A68FF","sample","F48",16374,FALSE,2,4,"2 4",2,4,15
"GBP23020404M_ITS_F48","Simpson diversity",2.25914624004004,2.25931999037723,0.0168108213384782,2.22637138600327,2.29226859475118,0.999923096180297,23,"p02","s04","04M","#414487FF","#420A68FF","sample","F48",16374,FALSE,2,4,"2 4",2,4,15
"GBP23020501M_ITS_F96","Species richness",27,27,1.25995568496036,27,29.4694677646388,1,23,"p02","s05","01M","#414487FF","#5D126EFF","sample","F96",393,FALSE,2,5,"2 5",2,5,9
"GBP23020501M_ITS_F96","Shannon diversity",13.7644232697615,14.2400550520688,0.907483201186267,12.4614206611686,16.018689442969,0.966599020820622,23,"p02","s05","01M","#414487FF","#5D126EFF","sample","F96",393,FALSE,2,5,"2 5",2,5,9
"GBP23020501M_ITS_F96","Simpson diversity",7.1040430522975,7.21641371557056,0.753200664448152,5.74016754012054,8.69265989102057,0.98442846160128,23,"p02","s05","01M","#414487FF","#5D126EFF","sample","F96",393,FALSE,2,5,"2 5",2,5,9
"GBP23020601M_ITS_F96","Species richness",97,97,0.285109837479337,97,97.5588050130976,1,23,"p02","s06","01M","#414487FF","#781C6DFF","sample","F96",107011,FALSE,2,6,"2 6",2,6,4
"GBP23020601M_ITS_F96","Shannon diversity",11.328249741138,11.3333918717242,0.0738807739886762,11.1885882155565,11.478195527892,0.999546284938837,23,"p02","s06","01M","#414487FF","#781C6DFF","sample","F96",107011,FALSE,2,6,"2 6",2,6,4
"GBP23020601M_ITS_F96","Simpson diversity",3.69569607031149,3.69578994670782,0.0207570878620658,3.65510680207424,3.7364730913414,0.999974599098518,23,"p02","s06","01M","#414487FF","#781C6DFF","sample","F96",107011,FALSE,2,6,"2 6",2,6,4
"GBP23020602M_ITS_F96","Species richness",1,1,0,1,1,1,23,"p02","s06","02M","#414487FF","#781C6DFF","sample","F96",2,FALSE,2,6,"2 6",2,6,4
"GBP23020602M_ITS_F96","Shannon diversity",1,1,0,1,1,1,23,"p02","s06","02M","#414487FF","#781C6DFF","sample","F96",2,FALSE,2,6,"2 6",2,6,4
"GBP23020602M_ITS_F96","Simpson diversity",1,1,0,1,1,1,23,"p02","s06","02M","#414487FF","#781C6DFF","sample","F96",2,FALSE,2,6,"2 6",2,6,4
"GBP23020701M_ITS_F96","Species richness",137,137,1.67365609130424,137,140.280305661462,1,23,"p02","s07","01M","#414487FF","#932667FF","sample","F96",62705,FALSE,2,7,"2 7",2,7,8
"GBP23020701M_ITS_F96","Shannon diversity",53.0433750373741,53.1297581307321,0.330897611780166,52.4812107290727,53.7783055323915,0.99837411092395,23,"p02","s07","01M","#414487FF","#932667FF","sample","F96",62705,FALSE,2,7,"2 7",2,7,8
"GBP23020701M_ITS_F96","Simpson diversity",23.4914756882018,23.5040429201026,0.296136697703002,22.9236256581041,24.0844601821011,0.999465316160987,23,"p02","s07","01M","#414487FF","#932667FF","sample","F96",62705,FALSE,2,7,"2 7",2,7,8
"GBP23020801M_ITS_F96","Species richness",125,125,1.06738857808843,125,127.092043170563,1,23,"p02","s08","01M","#414487FF","#AE305CFF","sample","F96",38162,FALSE,2,8,"2 8",2,8,5
"GBP23020801M_ITS_F96","Shannon diversity",38.6985201207173,38.7621070119809,0.305540476202571,38.1632586828046,39.3609553411572,0.998359560504698,23,"p02","s08","01M","#414487FF","#AE305CFF","sample","F96",38162,FALSE,2,8,"2 8",2,8,5
"GBP23020801M_ITS_F96","Simpson diversity",18.226979530145,18.2352565673124,0.18375292925307,17.8751074439227,18.5954056907022,0.999546097027104,23,"p02","s08","01M","#414487FF","#AE305CFF","sample","F96",38162,FALSE,2,8,"2 8",2,8,5
"GBP23020802M_ITS_F96","Species richness",4,4,0,4,4,1,23,"p02","s08","02M","#414487FF","#AE305CFF","sample","F96",35,FALSE,2,8,"2 8",2,8,5
"GBP23020802M_ITS_F96","Shannon diversity",3.70332954631016,3.87000077628847,0.292166633160062,3.29736469781043,4.44263685476652,0.95693250735258,23,"p02","s08","02M","#414487FF","#AE305CFF","sample","F96",35,FALSE,2,8,"2 8",2,8,5
"GBP23020802M_ITS_F96","Simpson diversity",3.41225626740947,3.67283950617284,0.478219090383594,2.73554731230149,4.61013170004419,0.929051286252662,23,"p02","s08","02M","#414487FF","#AE305CFF","sample","F96",35,FALSE,2,8,"2 8",2,8,5
"GBP23020901M_ITS_F48","Species richness",2,2,0,2,2,1,23,"p02","s09","01M","#414487FF","#C73E4CFF","sample","F48",57,FALSE,2,9,"2 9",2,9,15
"GBP23020901M_ITS_F48","Shannon diversity",1.50020222846101,1.51370229362428,0.119938767486876,1.27862662899988,1.74877795824868,0.991081426499695,23,"p02","s09","01M","#414487FF","#C73E4CFF","sample","F48",57,FALSE,2,9,"2 9",2,9,15
"GBP23020901M_ITS_F48","Simpson diversity",1.31805273833671,1.32558139534884,0.111428985966546,1.10718459602059,1.54397819467709,0.994320486815414,23,"p02","s09","01M","#414487FF","#C73E4CFF","sample","F48",57,FALSE,2,9,"2 9",2,9,15
"GBP23020902M_ITS_F96","Species richness",2,2,0.14070529413629,2,2.27577730894124,1,23,"p02","s09","02M","#414487FF","#C73E4CFF","sample","F96",41,FALSE,2,9,"2 9",2,9,15
"GBP23020902M_ITS_F96","Shannon diversity",1.29922051775689,1.31604872314233,0.131926184246619,1.05747815340116,1.5746192928835,0.987213083307995,23,"p02","s09","02M","#414487FF","#C73E4CFF","sample","F96",41,FALSE,2,9,"2 9",2,9,15
"GBP23020902M_ITS_F96","Simpson diversity",1.15691672401927,1.1614730878187,0.0949359819248474,0.975401982409051,1.34754419322834,0.996077081899518,23,"p02","s09","02M","#414487FF","#C73E4CFF","sample","F96",41,FALSE,2,9,"2 9",2,9,15
"GBP23020903M_ITS_F96","Species richness",255,255,1.7240515791762,255,258.379079002675,1,23,"p02","s09","03M","#414487FF","#C73E4CFF","sample","F96",125397,FALSE,2,9,"2 9",2,9,15
"GBP23020903M_ITS_F96","Shannon diversity",42.1502540799488,42.1969068738297,0.214612187265762,41.7762747161454,42.6175390315139,0.998894402520535,23,"p02","s09","03M","#414487FF","#C73E4CFF","sample","F96",125397,FALSE,2,9,"2 9",2,9,15
"GBP23020903M_ITS_F96","Simpson diversity",17.5546080637161,17.5571228050338,0.108789087531558,17.343900111561,17.7703454985067,0.999856768028242,23,"p02","s09","03M","#414487FF","#C73E4CFF","sample","F96",125397,FALSE,2,9,"2 9",2,9,15
"GBP23021102M_ITS_F48","Species richness",34,34,1.11680896185743,34,36.1889053428521,1,23,"p02","s11","02M","#414487FF","#ED6925FF","sample","F48",980,FALSE,2,11,"2 11",2,11,8
"GBP23021102M_ITS_F48","Shannon diversity",9.64192431064088,9.80935298464025,0.468665360683057,8.89078575689998,10.7279202123805,0.982931731148677,23,"p02","s11","02M","#414487FF","#ED6925FF","sample","F48",980,FALSE,2,11,"2 11",2,11,8
"GBP23021102M_ITS_F48","Simpson diversity",3.96296174033605,3.97499212807212,0.19396690875919,3.59482397271154,4.3551602834327,0.996973481368401,23,"p02","s11","02M","#414487FF","#ED6925FF","sample","F48",980,FALSE,2,11,"2 11",2,11,8
"GBP23021103M_ITS_F96","Species richness",27,27,0.456730126278064,27,27.8951745981594,1,23,"p02","s11","03M","#414487FF","#ED6925FF","sample","F96",2489,FALSE,2,11,"2 11",2,11,8
"GBP23021103M_ITS_F96","Shannon diversity",6.71405058287641,6.74974159561062,0.230790273168187,6.29740097221881,7.20208221900243,0.994712240131176,23,"p02","s11","03M","#414487FF","#ED6925FF","sample","F96",2489,FALSE,2,11,"2 11",2,11,8
"GBP23021103M_ITS_F96","Simpson diversity",3.38998575631868,3.39324532544873,0.121289904817655,3.15552148031784,3.63096917057963,0.999039394792471,23,"p02","s11","03M","#414487FF","#ED6925FF","sample","F96",2489,FALSE,2,11,"2 11",2,11,8
"GBP23021104M_ITS_F96","Species richness",9,9,1.09944116822024,9,11.1548650928323,1,23,"p02","s11","04M","#414487FF","#ED6925FF","sample","F96",55,FALSE,2,11,"2 11",2,11,8
"GBP23021104M_ITS_F96","Shannon diversity",6.59601861899254,7.11925840325047,0.71108950103242,5.72554859144237,8.51296821505857,0.926503611103787,23,"p02","s11","04M","#414487FF","#ED6925FF","sample","F96",55,FALSE,2,11,"2 11",2,11,8
"GBP23021104M_ITS_F96","Simpson diversity",5.01658374792703,5.41970802919708,0.916575512314253,3.6232530359498,7.21616302244437,0.925618819482832,23,"p02","s11","04M","#414487FF","#ED6925FF","sample","F96",55,FALSE,2,11,"2 11",2,11,8
"GBP23021105M_ITS_F96","Species richness",259,259,2.3699580798034,259,263.645032481284,1,23,"p02","s11","05M","#414487FF","#ED6925FF","sample","F96",62314,FALSE,2,11,"2 11",2,11,8
"GBP23021105M_ITS_F96","Shannon diversity",71.08567258018,71.2563004727964,0.451051685302999,70.3722554144365,72.1403455311564,0.997605434305679,23,"p02","s11","05M","#414487FF","#ED6925FF","sample","F96",62314,FALSE,2,11,"2 11",2,11,8
"GBP23021105M_ITS_F96","Simpson diversity",40.0222603504739,40.0510230987054,0.275756073119893,39.5105511268722,40.5914950705386,0.999281847353546,23,"p02","s11","05M","#414487FF","#ED6925FF","sample","F96",62314,FALSE,2,11,"2 11",2,11,8
"GBP23021401M_ITS_F96","Species richness",60,60,1.1647177184444,60,62.2828047803067,1,23,"p02","s14","01M","#414487FF","#FAC62DFF","sample","F96",3526,FALSE,2,14,"2 14",2,14,20
"GBP23021401M_ITS_F96","Shannon diversity",20.1449468131686,20.3185823170613,0.455858011703804,19.4251170320579,21.2120476020648,0.991454349462808,23,"p02","s14","01M","#414487FF","#FAC62DFF","sample","F96",3526,FALSE,2,14,"2 14",2,14,20
"GBP23021401M_ITS_F96","Simpson diversity",8.66186346808235,8.68094876052902,0.288329794001928,8.11583274861539,9.24606477244265,0.997801473897248,23,"p02","s14","01M","#414487FF","#FAC62DFF","sample","F96",3526,FALSE,2,14,"2 14",2,14,20
"GBP23021402M_ITS_F96","Species richness",15,15,0.382136419929073,15,15.7489736202421,1,23,"p02","s14","02M","#414487FF","#FAC62DFF","sample","F96",4132,FALSE,2,14,"2 14",2,14,20
"GBP23021402M_ITS_F96","Shannon diversity",1.33878778760919,1.34110296912134,0.0233557023901135,1.29532663360308,1.3868793046396,0.998273673561644,23,"p02","s14","02M","#414487FF","#FAC62DFF","sample","F96",4132,FALSE,2,14,"2 14",2,14,20
"GBP23021402M_ITS_F96","Simpson diversity",1.09729040975417,1.09731625297563,0.0074139727847554,1.08278513333515,1.11184737261611,0.99997644870256,23,"p02","s14","02M","#414487FF","#FAC62DFF","sample","F96",4132,FALSE,2,14,"2 14",2,14,20
"GBP23021501M_ITS_F96","Species richness",8,8,0.251154347690386,8,8.49225347603381,1,23,"p02","s15","01M","#414487FF","#F2E661FF","sample","F96",1662,FALSE,2,15,"2 15",2,15,11
"GBP23021501M_ITS_F96","Shannon diversity",1.25173399062226,1.2544452235803,0.0304008036045129,1.19486074341438,1.31402970374622,0.997838699604361,23,"p02","s15","01M","#414487FF","#F2E661FF","sample","F96",1662,FALSE,2,15,"2 15",2,15,11
"GBP23021501M_ITS_F96","Simpson diversity",1.0786695345339,1.07872062571363,0.0106609226233771,1.05782560132984,1.09961565009741,0.999952637245914,23,"p02","s15","01M","#414487FF","#F2E661FF","sample","F96",1662,FALSE,2,15,"2 15",2,15,11
"GBP23021601M_ITS_F48","Species richness",4,4,0.319878764640084,4,4.62695085811373,1,23,"p02","s16","01M","#414487FF","#FCFFA4FF","sample","F48",34,FALSE,2,16,"2 16",2,16,12
"GBP23021601M_ITS_F48","Shannon diversity",3.25135413399388,3.40455554641313,0.343341548625218,2.7316184767115,4.07749261611477,0.95500105363807,23,"p02","s16","01M","#414487FF","#FCFFA4FF","sample","F48",34,FALSE,2,16,"2 16",2,16,12
"GBP23021601M_ITS_F48","Simpson diversity",2.84729064039409,3.01612903225807,0.437588479613908,2.15847137216517,3.87378669235097,0.94402149574563,23,"p02","s16","01M","#414487FF","#FCFFA4FF","sample","F48",34,FALSE,2,16,"2 16",2,16,12
"GBP23021603M_ITS_F96","Species richness",128,128,1.34530192472863,128,130.636743320801,1,23,"p02","s16","03M","#414487FF","#FCFFA4FF","sample","F96",67384,FALSE,2,16,"2 16",2,16,12
"GBP23021603M_ITS_F96","Shannon diversity",50.2602751429942,50.3297223758956,0.260028056435766,49.8200767503115,50.8393680014796,0.998620154659652,23,"p02","s16","03M","#414487FF","#FCFFA4FF","sample","F96",67384,FALSE,2,16,"2 16",2,16,12
"GBP23021603M_ITS_F96","Simpson diversity",31.9419283467918,31.9632320697894,0.236441054285832,31.4998161189225,32.4266480206563,0.999333492841055,23,"p02","s16","03M","#414487FF","#FCFFA4FF","sample","F96",67384,FALSE,2,16,"2 16",2,16,12
"GBP23021604M_ITS_F96","Species richness",291,291,0.204185614129524,291,291.400196449855,1,23,"p02","s16","04M","#414487FF","#FCFFA4FF","sample","F96",96325,FALSE,2,16,"2 16",2,16,12
"GBP23021604M_ITS_F96","Shannon diversity",125.30310957579,125.824476174698,1.06590480721032,123.735341141618,127.913611207779,0.995856397620251,23,"p02","s16","04M","#414487FF","#FCFFA4FF","sample","F96",96325,FALSE,2,16,"2 16",2,16,12
"GBP23021604M_ITS_F96","Simpson diversity",38.1457913054532,38.1862608882689,0.690310494777397,36.8332771803552,39.5392445961827,0.998940205668887,23,"p02","s16","04M","#414487FF","#FCFFA4FF","sample","F96",96325,FALSE,2,16,"2 16",2,16,12
"GBP23021605M_ITS_F96","Species richness",5,5,0.612893143256233,5,6.20124848715376,1,23,"p02","s16","05M","#414487FF","#FCFFA4FF","sample","F96",20,FALSE,2,16,"2 16",2,16,12
"GBP23021605M_ITS_F96","Shannon diversity",4.42733746647778,4.92305923663988,0.672653988119916,3.60468164586761,6.24143682741215,0.899306153687388,23,"p02","s16","05M","#414487FF","#FCFFA4FF","sample","F96",20,FALSE,2,16,"2 16",2,16,12
"GBP23021605M_ITS_F96","Simpson diversity",3.92156862745098,4.63414634146342,0.941082899820715,2.7896577513483,6.47863493157854,0.846233230134158,23,"p02","s16","05M","#414487FF","#FCFFA4FF","sample","F96",20,FALSE,2,16,"2 16",2,16,12
"GBP23030101M_ITS_F96","Species richness",92,92,0.112253605694181,92,92.2200130242954,1,23,"p03","s01","01M","#2A788EFF","#000004FF","sample","F96",45490,FALSE,3,1,"3 1",3,1,22
"GBP23030101M_ITS_F96","Shannon diversity",38.1066680149595,38.1538080242394,0.241261396687383,37.6809443758723,38.6266716726065,0.998764474328488,23,"p03","s01","01M","#2A788EFF","#000004FF","sample","F96",45490,FALSE,3,1,"3 1",3,1,22
"GBP23030101M_ITS_F96","Simpson diversity",18.4207426593538,18.4294355479368,0.234444946907698,17.9699318956404,18.8889392002333,0.99952831498499,23,"p03","s01","01M","#2A788EFF","#000004FF","sample","F96",45490,FALSE,3,1,"3 1",3,1,22
"GBP23030102M_ITS_F96","Species richness",6,6,0.669879359929591,6,7.31293941944874,1,23,"p03","s01","02M","#2A788EFF","#000004FF","sample","F96",47,FALSE,3,1,"3 1",3,1,22
"GBP23030102M_ITS_F96","Shannon diversity",3.97311011341899,4.20202444692341,0.540963789132216,3.14175490328394,5.26229399056287,0.945522845857781,23,"p03","s01","02M","#2A788EFF","#000004FF","sample","F96",47,FALSE,3,1,"3 1",3,1,22
"GBP23030102M_ITS_F96","Simpson diversity",3.03017832647462,3.17008797653958,0.555906351529127,2.08053154876543,4.25964440431373,0.955865688554901,23,"p03","s01","02M","#2A788EFF","#000004FF","sample","F96",47,FALSE,3,1,"3 1",3,1,22
"GBP23030201M_ITS_F96","Species richness",21,21,1.04099238557564,21,23.0403075839087,1,23,"p03","s02","01M","#2A788EFF","#0C0826FF","sample","F96",2052,FALSE,3,2,"3 2",3,2,14
"GBP23030201M_ITS_F96","Shannon diversity",2.45158530941377,2.46382882236899,0.0947712439449248,2.27808059746687,2.6495770472711,0.995030696595453,23,"p03","s02","01M","#2A788EFF","#0C0826FF","sample","F96",2052,FALSE,3,2,"3 2",3,2,14
"GBP23030201M_ITS_F96","Simpson diversity",1.44421891109695,1.44453177717842,0.029313234941628,1.38707889242247,1.50198466193437,0.999783413500198,23,"p03","s02","01M","#2A788EFF","#0C0826FF","sample","F96",2052,FALSE,3,2,"3 2",3,2,14
"GBP23030501M_ITS_F96","Species richness",58,58,1.12071171714835,58,60.1965546026628,1,23,"p03","s05","01M","#2A788EFF","#5D126EFF","sample","F96",4817,FALSE,3,5,"3 5",3,5,13
"GBP23030501M_ITS_F96","Shannon diversity",32.7870742307036,32.988283815826,0.414916249264098,32.1750629106679,33.801504720984,0.993900574329793,23,"p03","s05","01M","#2A788EFF","#5D126EFF","sample","F96",4817,FALSE,3,5,"3 5",3,5,13
"GBP23030501M_ITS_F96","Simpson diversity",23.5809050430619,23.6944296912494,0.476760242829856,22.7599967860423,24.6288625964565,0.995208804361751,23,"p03","s05","01M","#2A788EFF","#5D126EFF","sample","F96",4817,FALSE,3,5,"3 5",3,5,13
"GBP23031301M_ITS_F96","Species richness",33,33,2.07902686591847,33,37.0748177800914,1,23,"p03","s13","01M","#2A788EFF","#FCA50AFF","sample","F96",13188,FALSE,3,13,"3 13",3,13,22
"GBP23031301M_ITS_F96","Shannon diversity",5.99618441740854,6.00368261123887,0.0555157793537875,5.89487368313178,6.11249153934597,0.998751067583704,23,"p03","s13","01M","#2A788EFF","#FCA50AFF","sample","F96",13188,FALSE,3,13,"3 13",3,13,22
"GBP23031301M_ITS_F96","Simpson diversity",4.86120275225096,4.86262654742865,0.0359200169398278,4.79222460790252,4.93302848695478,0.999707196272672,23,"p03","s13","01M","#2A788EFF","#FCA50AFF","sample","F96",13188,FALSE,3,13,"3 13",3,13,22
"GBP23031401M_ITS_F96","Species richness",5,5,0,5,5,1,23,"p03","s14","01M","#2A788EFF","#FAC62DFF","sample","F96",101,FALSE,3,14,"3 14",3,14,22
"GBP23031401M_ITS_F96","Shannon diversity",3.02679133882984,3.08871212134031,0.298795102571022,2.50308448154415,3.67433976113646,0.979952556250661,23,"p03","s14","01M","#2A788EFF","#FAC62DFF","sample","F96",101,FALSE,3,14,"3 14",3,14,22
"GBP23031401M_ITS_F96","Simpson diversity",2.20657581656933,2.23352498894295,0.278127899009059,1.6884043237894,2.7786456540965,0.987934241834306,23,"p03","s14","01M","#2A788EFF","#FAC62DFF","sample","F96",101,FALSE,3,14,"3 14",3,14,22
"GBP23031402M_ITS_F96","Species richness",58,58,0.900816583737766,58,59.7655680608024,1,23,"p03","s14","02M","#2A788EFF","#FAC62DFF","sample","F96",28526,FALSE,3,14,"3 14",3,14,22
"GBP23031402M_ITS_F96","Shannon diversity",2.34044637827062,2.34281299484587,0.0227021294340353,2.29831763878279,2.38730835090894,0.99898983974374,23,"p03","s14","02M","#2A788EFF","#FAC62DFF","sample","F96",28526,FALSE,3,14,"3 14",3,14,22
"GBP23031402M_ITS_F96","Simpson diversity",1.37543695019986,1.37545506302533,0.00604739378571076,1.363602389005,1.38730773704565,0.99998683139424,23,"p03","s14","02M","#2A788EFF","#FAC62DFF","sample","F96",28526,FALSE,3,14,"3 14",3,14,22
"GBP23031403M_ITS_F48","Species richness",26,26,1.02403080779231,26,28.0070635023324,1,23,"p03","s14","03M","#2A788EFF","#FAC62DFF","sample","F48",10424,FALSE,3,14,"3 14",3,14,22
"GBP23031403M_ITS_F48","Shannon diversity",2.35144874369815,2.35433001886462,0.0285733992663357,2.29832718538672,2.41033285234252,0.99877618042357,23,"p03","s14","03M","#2A788EFF","#FAC62DFF","sample","F48",10424,FALSE,3,14,"3 14",3,14,22
"GBP23031403M_ITS_F48","Simpson diversity",1.72121276020368,1.7213318666516,0.0143211998986349,1.69326283063488,1.74940090266833,0.999930805645192,23,"p03","s14","03M","#2A788EFF","#FAC62DFF","sample","F48",10424,FALSE,3,14,"3 14",3,14,22
"GBP23031404M_ITS_F96","Species richness",2,2,0,2,2,1,23,"p03","s14","04M","#2A788EFF","#FAC62DFF","sample","F96",11,FALSE,3,14,"3 14",3,14,22
"GBP23031404M_ITS_F96","Shannon diversity",1.99174121480513,2.08870448792115,0.120667607974792,1.85220032218996,2.32520865365234,0.953577313747946,23,"p03","s14","04M","#2A788EFF","#FAC62DFF","sample","F96",11,FALSE,3,14,"3 14",3,14,22
"GBP23031404M_ITS_F96","Simpson diversity",1.98360655737705,2.2,0.223241194556185,1.76245529880418,2.63754470119582,0.901639344262294,23,"p03","s14","04M","#2A788EFF","#FAC62DFF","sample","F96",11,FALSE,3,14,"3 14",3,14,22
"GBP23031405M_ITS_F48","Species richness",81,81,0.516059458600489,81,82.0114579527382,1,23,"p03","s14","05M","#2A788EFF","#FAC62DFF","sample","F48",15723,FALSE,3,14,"3 14",3,14,22
"GBP23031405M_ITS_F48","Shannon diversity",30.4576395146888,30.6375945843002,0.531491638928475,29.5958901139162,31.6792990546841,0.994126331650606,23,"p03","s14","05M","#2A788EFF","#FAC62DFF","sample","F48",15723,FALSE,3,14,"3 14",3,14,22
"GBP23031405M_ITS_F48","Simpson diversity",17.9100523185534,17.9542971603377,0.353911356138008,17.2606436485875,18.647950672088,0.997535696252033,23,"p03","s14","05M","#2A788EFF","#FAC62DFF","sample","F48",15723,FALSE,3,14,"3 14",3,14,22
"GBP23031601M_ITS_F96","Species richness",3,3,0.369766686189002,3,3.72472938761317,1,23,"p03","s16","01M","#2A788EFF","#FCFFA4FF","sample","F96",103,FALSE,3,16,"3 16",3,16,26
"GBP23031601M_ITS_F96","Shannon diversity",1.3350810411419,1.34885741866014,0.111913273232582,1.12951143373229,1.56820340358799,0.989786631761332,23,"p03","s16","01M","#2A788EFF","#FCFFA4FF","sample","F96",103,FALSE,3,16,"3 16",3,16,26
"GBP23031601M_ITS_F96","Simpson diversity",1.14753921038399,1.14920148763946,0.0640288331100089,1.02370728077172,1.27469569450721,0.9985535371531,23,"p03","s16","01M","#2A788EFF","#FCFFA4FF","sample","F96",103,FALSE,3,16,"3 16",3,16,26
"GBP23040101M_ITS_F96","Species richness",1,1,0,1,1,1,23,"p04","s01","01M","#22A884FF","#000004FF","sample","F96",4,FALSE,4,1,"4 1",4,1,34
"GBP23040101M_ITS_F96","Shannon diversity",1,1,0,1,1,1,23,"p04","s01","01M","#22A884FF","#000004FF","sample","F96",4,FALSE,4,1,"4 1",4,1,34
"GBP23040101M_ITS_F96","Simpson diversity",1,1,0,1,1,1,23,"p04","s01","01M","#22A884FF","#000004FF","sample","F96",4,FALSE,4,1,"4 1",4,1,34
"GBP23040201M_ITS_F96","Species richness",30,30,1.14893327095633,30,32.2518678317142,1,23,"p04","s02","01M","#22A884FF","#0C0826FF","sample","F96",450,FALSE,4,2,"4 2",4,2,23
"GBP23040201M_ITS_F96","Shannon diversity",17.6192314444096,18.2100857187239,0.831994118980797,16.5794072101724,19.8407642272754,0.967553460019863,23,"p04","s02","01M","#22A884FF","#0C0826FF","sample","F96",450,FALSE,4,2,"4 2",4,2,23
"GBP23040201M_ITS_F96","Simpson diversity",10.0746268656716,10.2824427480916,0.833400747271843,8.64900729875002,11.9158781974332,0.979789249742379,23,"p04","s02","01M","#22A884FF","#0C0826FF","sample","F96",450,FALSE,4,2,"4 2",4,2,23
"GBP23040202M_ITS_F96","Species richness",441,441,1.47352110959241,441,443.888048305261,1,23,"p04","s02","02M","#22A884FF","#0C0826FF","sample","F96",196718,FALSE,4,2,"4 2",4,2,23
"GBP23040202M_ITS_F96","Shannon diversity",150.958339298372,151.759395435545,1.22926019578142,149.350089724185,154.168701146905,0.994721538426837,23,"p04","s02","02M","#22A884FF","#0C0826FF","sample","F96",196718,FALSE,4,2,"4 2",4,2,23
"GBP23040202M_ITS_F96","Simpson diversity",60.1011243138119,60.1861443625699,0.754174000156932,58.7079904841858,61.664298240954,0.998587381702907,23,"p04","s02","02M","#22A884FF","#0C0826FF","sample","F96",196718,FALSE,4,2,"4 2",4,2,23
"GBP23040203M_ITS_F96","Species richness",9,9,0,9,9,1,23,"p04","s02","03M","#22A884FF","#0C0826FF","sample","F96",1318,FALSE,4,2,"4 2",4,2,23
"GBP23040203M_ITS_F96","Shannon diversity",3.61355175704906,3.62464470985093,0.0986761925378062,3.43124292634529,3.81804649335657,0.996939575133605,23,"p04","s02","03M","#22A884FF","#0C0826FF","sample","F96",1318,FALSE,4,2,"4 2",4,2,23
"GBP23040203M_ITS_F96","Simpson diversity",2.80468997229416,2.80853852302255,0.0616519515753692,2.68770291835822,2.92937412768689,0.998629696300462,23,"p04","s02","03M","#22A884FF","#0C0826FF","sample","F96",1318,FALSE,4,2,"4 2",4,2,23
"GBP23040301M_ITS_F96","Species richness",33,33,1.04923622364852,33,35.0564652096259,1,23,"p04","s03","01M","#22A884FF","#240C4FFF","sample","F96",21811,FALSE,4,3,"4 3",4,3,24
"GBP23040301M_ITS_F96","Shannon diversity",3.84887055928844,3.85174466265421,0.0362047617467144,3.78078463356179,3.92270469174662,0.99925381778454,23,"p04","s03","01M","#22A884FF","#240C4FFF","sample","F96",21811,FALSE,4,3,"4 3",4,3,24
"GBP23040301M_ITS_F96","Simpson diversity",2.47812621272148,2.47829417382105,0.0219271726140738,2.43531770521467,2.52127064242743,0.999932227133753,23,"p04","s03","01M","#22A884FF","#240C4FFF","sample","F96",21811,FALSE,4,3,"4 3",4,3,24
"GBP23040401M_ITS_F96","Species richness",6,6,0.946761848421801,6,7.8556191248433,1,23,"p04","s04","01M","#22A884FF","#420A68FF","sample","F96",248,FALSE,4,4,"4 4",4,4,18
"GBP23040401M_ITS_F96","Shannon diversity",1.94154903130283,1.96223204383171,0.128390602531409,1.71059108691675,2.21387300074667,0.98945944614762,23,"p04","s04","01M","#22A884FF","#420A68FF","sample","F96",248,FALSE,4,4,"4 4",4,4,18
"GBP23040401M_ITS_F96","Simpson diversity",1.4878320189656,1.49077634460939,0.0797783689900846,1.33441361464348,1.6471390745753,0.998024971583137,23,"p04","s04","01M","#22A884FF","#420A68FF","sample","F96",248,FALSE,4,4,"4 4",4,4,18
"GBP23040402M_ITS_F48","Species richness",1,1,0,1,1,1,23,"p04","s04","02M","#22A884FF","#420A68FF","sample","F48",2,FALSE,4,4,"4 4",4,4,18
"GBP23040402M_ITS_F48","Shannon diversity",1,1,0,1,1,1,23,"p04","s04","02M","#22A884FF","#420A68FF","sample","F48",2,FALSE,4,4,"4 4",4,4,18
"GBP23040402M_ITS_F48","Simpson diversity",1,1,0,1,1,1,23,"p04","s04","02M","#22A884FF","#420A68FF","sample","F48",2,FALSE,4,4,"4 4",4,4,18
"GBP23040403M_ITS_F48","Species richness",78,78,0.560366904665151,78,79.0982989512719,1,23,"p04","s04","03M","#22A884FF","#420A68FF","sample","F48",36929,FALSE,4,4,"4 4",4,4,18
"GBP23040403M_ITS_F48","Shannon diversity",6.81644062264052,6.82362577467211,0.0692412689351871,6.68791538131529,6.95933616802893,0.998947018451941,23,"p04","s04","03M","#22A884FF","#420A68FF","sample","F48",36929,FALSE,4,4,"4 4",4,4,18
"GBP23040403M_ITS_F48","Simpson diversity",3.24869395982872,3.24889191581494,0.0258181036833777,3.1982893624464,3.29949446918348,0.999939069691654,23,"p04","s04","03M","#22A884FF","#420A68FF","sample","F48",36929,FALSE,4,4,"4 4",4,4,18
"GBP23040701M_ITS_F96","Species richness",49,49,1.12624261359682,49,51.207394960504,1,23,"p04","s07","01M","#22A884FF","#932667FF","sample","F96",26995,FALSE,4,7,"4 7",4,7,10
"GBP23040701M_ITS_F96","Shannon diversity",16.8757695898004,16.895758046823,0.118380782477146,16.6637359767061,17.1277801169399,0.998816954115513,23,"p04","s07","01M","#22A884FF","#932667FF","sample","F96",26995,FALSE,4,7,"4 7",4,7,10
"GBP23040701M_ITS_F96","Simpson diversity",13.5973386820331,13.6056823383673,0.105257479038974,13.3993814703475,13.8119832063872,0.999386752084409,23,"p04","s07","01M","#22A884FF","#932667FF","sample","F96",26995,FALSE,4,7,"4 7",4,7,10
"GBP23040702M_ITS_F48","Species richness",1,1,0,1,1,1,23,"p04","s07","02M","#22A884FF","#932667FF","sample","F48",6,FALSE,4,7,"4 7",4,7,10
"GBP23040702M_ITS_F48","Shannon diversity",1,1,0,1,1,1,23,"p04","s07","02M","#22A884FF","#932667FF","sample","F48",6,FALSE,4,7,"4 7",4,7,10
"GBP23040702M_ITS_F48","Simpson diversity",1,1,0,1,1,1,23,"p04","s07","02M","#22A884FF","#932667FF","sample","F48",6,FALSE,4,7,"4 7",4,7,10
"GBP23041101M_ITS_F48","Species richness",15,15,2.14004356521543,15,19.1944083131689,1,23,"p04","s11","01M","#22A884FF","#ED6925FF","sample","F48",138,FALSE,4,11,"4 11",4,11,9
"GBP23041101M_ITS_F48","Shannon diversity",8.23734032742489,8.6878918782132,0.729403058062779,7.25828815419677,10.1174956022296,0.948140290290886,23,"p04","s11","01M","#22A884FF","#ED6925FF","sample","F48",138,FALSE,4,11,"4 11",4,11,9
"GBP23041101M_ITS_F48","Simpson diversity",5.75,5.95652173913042,0.618321221381973,4.74463441434494,7.16840906391591,0.965328467153287,23,"p04","s11","01M","#22A884FF","#ED6925FF","sample","F48",138,FALSE,4,11,"4 11",4,11,9
"GBP23041102M_ITS_F48","Species richness",43,43,1.15763078276601,43,45.2689146416163,1,23,"p04","s11","02M","#22A884FF","#ED6925FF","sample","F48",25311,FALSE,4,11,"4 11",4,11,9
"GBP23041102M_ITS_F48","Shannon diversity",14.4544560481436,14.4675168926257,0.0889599037430994,14.293158685221,14.6418751000303,0.99909722970576,23,"p04","s11","02M","#22A884FF","#ED6925FF","sample","F48",25311,FALSE,4,11,"4 11",4,11,9
"GBP23041102M_ITS_F48","Simpson diversity",10.6097993429489,10.614117149155,0.0964014987391427,10.4251736835706,10.8030606147394,0.999593201568682,23,"p04","s11","02M","#22A884FF","#ED6925FF","sample","F48",25311,FALSE,4,11,"4 11",4,11,9
"GBP23041103M_ITS_F96","Species richness",28,28,1.25760557756709,28,30.4648616387882,1,23,"p04","s11","03M","#22A884FF","#ED6925FF","sample","F96",876,FALSE,4,11,"4 11",4,11,9
"GBP23041103M_ITS_F96","Shannon diversity",8.45359263957315,8.58823120601303,0.461749778688636,7.68321826991396,9.4932441421121,0.98432289918492,23,"p04","s11","03M","#22A884FF","#ED6925FF","sample","F96",876,FALSE,4,11,"4 11",4,11,9
"GBP23041103M_ITS_F96","Simpson diversity",3.84834807727027,3.86091634429399,0.228929071756507,3.41222360863705,4.30960907995093,0.996744745054552,23,"p04","s11","03M","#22A884FF","#ED6925FF","sample","F96",876,FALSE,4,11,"4 11",4,11,9
"GBP23041104M_ITS_F48","Species richness",4,4,0.442902568470494,4,4.86807308286245,1,23,"p04","s11","04M","#22A884FF","#ED6925FF","sample","F48",1185,FALSE,4,11,"4 11",4,11,9
"GBP23041104M_ITS_F48","Shannon diversity",1.09471096300877,1.09616657176202,0.0151246066850719,1.06652288737894,1.12581025614509,0.998672091641227,23,"p04","s11","04M","#22A884FF","#ED6925FF","sample","F48",1185,FALSE,4,11,"4 11",4,11,9
"GBP23041104M_ITS_F48","Simpson diversity",1.0309484601023,1.03097540866759,0.00584089186238845,1.01952747097972,1.04242334635547,0.999973861097884,23,"p04","s11","04M","#22A884FF","#ED6925FF","sample","F48",1185,FALSE,4,11,"4 11",4,11,9
"GBP23041105M_ITS_F96","Species richness",16,16,1.18814225023865,16,18.3287160189781,1,23,"p04","s11","05M","#22A884FF","#ED6925FF","sample","F96",1826,FALSE,4,11,"4 11",4,11,9
"GBP23041105M_ITS_F96","Shannon diversity",1.87174504785868,1.87969751880843,0.066991496696183,1.74839659801347,2.01099843960338,0.995769281562498,23,"p04","s11","05M","#22A884FF","#ED6925FF","sample","F96",1826,FALSE,4,11,"4 11",4,11,9
"GBP23041105M_ITS_F96","Simpson diversity",1.31764358122794,1.31787295869983,0.0248990755384982,1.26907166739603,1.36667425000363,0.999825948722614,23,"p04","s11","05M","#22A884FF","#ED6925FF","sample","F96",1826,FALSE,4,11,"4 11",4,11,9
"GBP23041301M_ITS_F96","Species richness",21,21,3.07005579005209,21,27.0171987790308,1,23,"p04","s13","01M","#22A884FF","#FCA50AFF","sample","F96",5062,FALSE,4,13,"4 13",4,13,37
"GBP23041301M_ITS_F96","Shannon diversity",2.55345565599069,2.55869071529262,0.0378001800198336,2.48460372384462,2.63277770674063,0.997954008559675,23,"p04","s13","01M","#22A884FF","#FCA50AFF","sample","F96",5062,FALSE,4,13,"4 13",4,13,37
"GBP23041301M_ITS_F96","Simpson diversity",2.10676177299257,2.10722258971051,0.0165127089445766,2.07485827489195,2.13958690452907,0.999781315595139,23,"p04","s13","01M","#22A884FF","#FCA50AFF","sample","F96",5062,FALSE,4,13,"4 13",4,13,37
"GBP23041302M_ITS_F48","Species richness",1,1,0,1,1,1,23,"p04","s13","02M","#22A884FF","#FCA50AFF","sample","F48",1,FALSE,4,13,"4 13",4,13,37
"GBP23041302M_ITS_F48","Shannon diversity",1,1,0,1,1,1,23,"p04","s13","02M","#22A884FF","#FCA50AFF","sample","F48",1,FALSE,4,13,"4 13",4,13,37
"GBP23041302M_ITS_F48","Simpson diversity",1,Inf,NA,NA,NA,0,23,"p04","s13","02M","#22A884FF","#FCA50AFF","sample","F48",1,FALSE,4,13,"4 13",4,13,37
"GBP23041401M_ITS_F96","Species richness",598,598,2.08822568755581,598,602.092847139201,1,23,"p04","s14","01M","#22A884FF","#FAC62DFF","sample","F96",310120,FALSE,4,14,"4 14",4,14,27
"GBP23041401M_ITS_F96","Shannon diversity",237.487029902896,238.852635722356,1.56256112518793,235.790072193346,241.915199251367,0.994282642871698,23,"p04","s14","01M","#22A884FF","#FAC62DFF","sample","F96",310120,FALSE,4,14,"4 14",4,14,27
"GBP23041401M_ITS_F96","Simpson diversity",80.5079770921228,80.6303571430673,0.928739171578703,78.8100618157415,82.4506524703931,0.998482208745183,23,"p04","s14","01M","#22A884FF","#FAC62DFF","sample","F96",310120,FALSE,4,14,"4 14",4,14,27
"GBP23041402M_ITS_F96","Species richness",37,37,1.00311025852728,37,38.9660599792361,1,23,"p04","s14","02M","#22A884FF","#FAC62DFF","sample","F96",4227,FALSE,4,14,"4 14",4,14,27
"GBP23041402M_ITS_F96","Shannon diversity",8.24040299016374,8.2761523789032,0.176644930598464,7.92993467687864,8.62237008092777,0.995680433720555,23,"p04","s14","02M","#22A884FF","#FAC62DFF","sample","F96",4227,FALSE,4,14,"4 14",4,14,27
"GBP23041402M_ITS_F96","Simpson diversity",5.15173154699897,5.15679771826456,0.0945722517688094,4.97143951086084,5.34215592566828,0.999017574172505,23,"p04","s14","02M","#22A884FF","#FAC62DFF","sample","F96",4227,FALSE,4,14,"4 14",4,14,27
"GBP23041403M_ITS_F96","Species richness",28,28,0.486806206231937,28,28.9541226316652,1,23,"p04","s14","03M","#22A884FF","#FAC62DFF","sample","F96",22503,FALSE,4,14,"4 14",4,14,27
"GBP23041403M_ITS_F96","Shannon diversity",10.1801942840891,10.1868067956902,0.059897730608009,10.0694094009428,10.3042041904376,0.999350874937187,23,"p04","s14","03M","#22A884FF","#FAC62DFF","sample","F96",22503,FALSE,4,14,"4 14",4,14,27
"GBP23041403M_ITS_F96","Simpson diversity",7.95469856116102,7.95732857834637,0.0710924154423383,7.81799000450543,8.09666715218731,0.999669484908225,23,"p04","s14","03M","#22A884FF","#FAC62DFF","sample","F96",22503,FALSE,4,14,"4 14",4,14,27
"GBP23041404M_ITS_F96","Species richness",232,232,1.83677054870735,232,235.60000412333,1,23,"p04","s14","04M","#22A884FF","#FAC62DFF","sample","F96",104403,FALSE,4,14,"4 14",4,14,27
"GBP23041404M_ITS_F96","Shannon diversity",105.600449110879,105.842587276708,0.596251388647033,104.673956029228,107.011218524189,0.997712280358409,23,"p04","s14","04M","#22A884FF","#FAC62DFF","sample","F96",104403,FALSE,4,14,"4 14",4,14,27
"GBP23041404M_ITS_F96","Simpson diversity",59.9574214336083,60.0273079915622,0.525092088800687,58.9981464089459,61.0564695741784,0.998835753921137,23,"p04","s14","04M","#22A884FF","#FAC62DFF","sample","F96",104403,FALSE,4,14,"4 14",4,14,27
"GBP23041405M_ITS_F96","Species richness",3,3,0.0484375000000001,3,3.09493575550116,1,23,"p04","s14","05M","#22A884FF","#FAC62DFF","sample","F96",32,FALSE,4,14,"4 14",4,14,27
"GBP23041405M_ITS_F96","Shannon diversity",2.4117158828471,2.49074711611123,0.303077678251149,1.89672578222096,3.0847684500015,0.968270069348701,23,"p04","s14","05M","#22A884FF","#FAC62DFF","sample","F96",32,FALSE,4,14,"4 14",4,14,27
"GBP23041405M_ITS_F96","Simpson diversity",2.0398406374502,2.11063829787234,0.361982673918547,1.40116529396448,2.8201113017802,0.96645675363064,23,"p04","s14","05M","#22A884FF","#FAC62DFF","sample","F96",32,FALSE,4,14,"4 14",4,14,27
"GBP23041406M_ITS_F96","Species richness",49,49,1.3786168817709,49,51.7020394367499,1,23,"p04","s14","06M","#22A884FF","#FAC62DFF","sample","F96",18832,FALSE,4,14,"4 14",4,14,27
"GBP23041406M_ITS_F96","Shannon diversity",11.9767290429512,11.9924507852181,0.124178433362124,11.7490655281717,12.2358360422645,0.998689030078302,23,"p04","s14","06M","#22A884FF","#FAC62DFF","sample","F96",18832,FALSE,4,14,"4 14",4,14,27
"GBP23041406M_ITS_F96","Simpson diversity",5.88656005982267,5.88811147847784,0.080443554826809,5.73044500822892,6.04577794872675,0.999736516765887,23,"p04","s14","06M","#22A884FF","#FAC62DFF","sample","F96",18832,FALSE,4,14,"4 14",4,14,27
"GBP23050301M_ITS_F96","Species richness",18,18,2.28474357483511,18,22.4780151205861,1,23,"p05","s03","01M","#7AD151FF","#240C4FFF","sample","F96",9463,FALSE,5,3,"5 3",5,3,23
"GBP23050301M_ITS_F96","Shannon diversity",1.83405968316262,1.83576835420113,0.0190287646178644,1.79847266087982,1.87306404752243,0.999069233852625,23,"p05","s03","01M","#7AD151FF","#240C4FFF","sample","F96",9463,FALSE,5,3,"5 3",5,3,23
"GBP23050301M_ITS_F96","Simpson diversity",1.48131797386219,1.48139333015432,0.011732321443086,1.45839840267082,1.50438825763781,0.999949131476029,23,"p05","s03","01M","#7AD151FF","#240C4FFF","sample","F96",9463,FALSE,5,3,"5 3",5,3,23
"GBP23050401M_ITS_F48","Species richness",27,27,1.05471142227346,27,29.067196401739,1,23,"p05","s04","01M","#7AD151FF","#420A68FF","sample","F48",9368,FALSE,5,4,"5 4",5,4,19
"GBP23050401M_ITS_F48","Shannon diversity",2.80706869026696,2.81105491050493,0.0408932346849623,2.73090564331106,2.8912041776988,0.998581948640323,23,"p05","s04","01M","#7AD151FF","#420A68FF","sample","F48",9368,FALSE,5,4,"5 4",5,4,19
"GBP23050401M_ITS_F48","Simpson diversity",1.89352461682306,1.8937052586791,0.0220308391788484,1.85052560733936,1.93688491001883,0.999904609307489,23,"p05","s04","01M","#7AD151FF","#420A68FF","sample","F48",9368,FALSE,5,4,"5 4",5,4,19
"GBP23050403M_ITS_F48","Species richness",261,261,1.13596853342163,261,263.226457413077,1,23,"p05","s04","03M","#7AD151FF","#420A68FF","sample","F48",133493,FALSE,5,4,"5 4",5,4,19
"GBP23050403M_ITS_F48","Shannon diversity",141.466931445907,141.767522688784,0.579175330587897,140.632359900097,142.90268547747,0.997879688964189,23,"p05","s04","03M","#7AD151FF","#420A68FF","sample","F48",133493,FALSE,5,4,"5 4",5,4,19
"GBP23050403M_ITS_F48","Simpson diversity",96.1067735177363,96.2555337062997,0.749609510407022,94.7863260634333,97.7247413491662,0.998454528453218,23,"p05","s04","03M","#7AD151FF","#420A68FF","sample","F48",133493,FALSE,5,4,"5 4",5,4,19
"GBP23050501M_ITS_F96","Species richness",58,58,5.20060712275513,58,68.1930026583425,1,23,"p05","s05","01M","#7AD151FF","#5D126EFF","sample","F96",3215,FALSE,5,5,"5 5",5,5,15
"GBP23050501M_ITS_F96","Shannon diversity",8.32490445944175,8.40116680293733,0.249715146877155,7.91173410866398,8.89059949721068,0.99092241050744,23,"p05","s05","01M","#7AD151FF","#5D126EFF","sample","F96",3215,FALSE,5,5,"5 5",5,5,15
"GBP23050501M_ITS_F96","Simpson diversity",3.58647516083443,3.58936371095313,0.0981543357686987,3.39698474792003,3.78174267398623,0.999195247305286,23,"p05","s05","01M","#7AD151FF","#5D126EFF","sample","F96",3215,FALSE,5,5,"5 5",5,5,15
"GBP23050502M_ITS_F48","Species richness",8,8,0.437902331970189,8,8.85827279940767,1,23,"p05","s05","02M","#7AD151FF","#5D126EFF","sample","F48",5248,FALSE,5,5,"5 5",5,5,15
"GBP23050502M_ITS_F48","Shannon diversity",1.50575190460828,1.50678179458736,0.0206064555320161,1.46639388389558,1.54716970527914,0.999316496932217,23,"p05","s05","02M","#7AD151FF","#5D126EFF","sample","F48",5248,FALSE,5,5,"5 5",5,5,15
"GBP23050502M_ITS_F48","Simpson diversity",1.20629685861361,1.20634428858066,0.0100566909606885,1.18663353649406,1.22605504066726,0.999960682893351,23,"p05","s05","02M","#7AD151FF","#5D126EFF","sample","F48",5248,FALSE,5,5,"5 5",5,5,15
"GBP23050701M_ITS_F48","Species richness",4,4,0.14070529413629,4,4.27577730894124,1,23,"p05","s07","01M","#7AD151FF","#932667FF","sample","F48",110,FALSE,5,7,"5 7",5,7,10
"GBP23050701M_ITS_F48","Shannon diversity",2.22598746808146,2.25729146361859,0.216157782505357,1.83362999493005,2.68095293230714,0.986132054259864,23,"p05","s07","01M","#7AD151FF","#932667FF","sample","F48",110,FALSE,5,7,"5 7",5,7,10
"GBP23050701M_ITS_F48","Simpson diversity",1.68476747424116,1.6954185520362,0.175135695425364,1.35215889659511,2.03867820747729,0.993717729594119,23,"p05","s07","01M","#7AD151FF","#932667FF","sample","F48",110,FALSE,5,7,"5 7",5,7,10
"GBP23050702M_ITS_F96","Species richness",65,65,2.55540742054975,65,70.0085065101039,1,23,"p05","s07","02M","#7AD151FF","#932667FF","sample","F96",8815,FALSE,5,7,"5 7",5,7,10
"GBP23050702M_ITS_F96","Shannon diversity",4.32380681751829,4.34003958809724,0.0730952330294958,4.19677556391786,4.48330361227661,0.996259764398587,23,"p05","s07","02M","#7AD151FF","#932667FF","sample","F96",8815,FALSE,5,7,"5 7",5,7,10
"GBP23050702M_ITS_F96","Simpson diversity",2.45145832228476,2.4518620862546,0.0323458415043949,2.38846540185634,2.51525877065285,0.999835323539565,23,"p05","s07","02M","#7AD151FF","#932667FF","sample","F96",8815,FALSE,5,7,"5 7",5,7,10
"GBP23051601M_ITS_F96","Species richness",19,19,0.822470791684162,19,20.6120131300371,1,23,"p05","s16","01M","#7AD151FF","#FCFFA4FF","sample","F96",634,FALSE,5,16,"5 16",5,16,18
"GBP23051601M_ITS_F96","Shannon diversity",4.20557807695936,4.26752016589454,0.263772583414865,3.75053540229232,4.78450492949676,0.985485226424889,23,"p05","s16","01M","#7AD151FF","#FCFFA4FF","sample","F96",634,FALSE,5,16,"5 16",5,16,18
"GBP23051601M_ITS_F96","Simpson diversity",2.17200721920221,2.17603617671937,0.109096102820372,1.96221174433776,2.38986060910097,0.99814848780537,23,"p05","s16","01M","#7AD151FF","#FCFFA4FF","sample","F96",634,FALSE,5,16,"5 16",5,16,18
"GBP23051602M_ITS_F96","Species richness",16,16,0.548499425012018,16,17.0750391185645,1,23,"p05","s16","02M","#7AD151FF","#FCFFA4FF","sample","F96",228,FALSE,5,16,"5 16",5,16,18
"GBP23051602M_ITS_F96","Shannon diversity",10.3912542381814,10.7474026718783,0.738626906259678,9.29972053759709,12.1950848061595,0.966861906586156,23,"p05","s16","02M","#7AD151FF","#FCFFA4FF","sample","F96",228,FALSE,5,16,"5 16",5,16,18
"GBP23051602M_ITS_F96","Simpson diversity",6.55866767600303,6.72330475448169,0.83341453935343,5.08984227315693,8.35676723580645,0.975512477198224,23,"p05","s16","02M","#7AD151FF","#FCFFA4FF","sample","F96",228,FALSE,5,16,"5 16",5,16,18
"GBP23051603M_ITS_F96","Species richness",1,1,0,1,1,1,23,"p05","s16","03M","#7AD151FF","#FCFFA4FF","sample","F96",4,FALSE,5,16,"5 16",5,16,18
"GBP23051603M_ITS_F96","Shannon diversity",1,1,0,1,1,1,23,"p05","s16","03M","#7AD151FF","#FCFFA4FF","sample","F96",4,FALSE,5,16,"5 16",5,16,18
"GBP23051603M_ITS_F96","Simpson diversity",1,1,0,1,1,1,23,"p05","s16","03M","#7AD151FF","#FCFFA4FF","sample","F96",4,FALSE,5,16,"5 16",5,16,18
"GBP23060101M_ITS_F96","Species richness",1,1,0,1,1,1,23,"p06","s01","01M","#FDE725FF","#000004FF","sample","F96",1,FALSE,6,1,"6 1",6,1,37
"GBP23060101M_ITS_F96","Shannon diversity",1,1,0,1,1,1,23,"p06","s01","01M","#FDE725FF","#000004FF","sample","F96",1,FALSE,6,1,"6 1",6,1,37
"GBP23060101M_ITS_F96","Simpson diversity",1,Inf,NA,NA,NA,0,23,"p06","s01","01M","#FDE725FF","#000004FF","sample","F96",1,FALSE,6,1,"6 1",6,1,37
"GBP23060102M_ITS_F96","Species richness",11,11,0.278658829494261,11,11.5461612697828,1,23,"p06","s01","02M","#FDE725FF","#000004FF","sample","F96",7588,FALSE,6,1,"6 1",6,1,37
"GBP23060102M_ITS_F96","Shannon diversity",2.4904800691037,2.49216573226424,0.0245991307208358,2.44395232200041,2.54037914252807,0.999323615143761,23,"p06","s01","02M","#FDE725FF","#000004FF","sample","F96",7588,FALSE,6,1,"6 1",6,1,37
"GBP23060102M_ITS_F96","Simpson diversity",1.99314837132811,1.99341153142592,0.0222258255226639,1.94984971387482,2.03697334897701,0.999867985062964,23,"p06","s01","02M","#FDE725FF","#000004FF","sample","F96",7588,FALSE,6,1,"6 1",6,1,37
"GBP23060103M_ITS_F48","Species richness",6,6,0.236800046487511,6,6.46411956265293,1,23,"p06","s01","03M","#FDE725FF","#000004FF","sample","F48",485,FALSE,6,1,"6 1",6,1,37
"GBP23060103M_ITS_F48","Shannon diversity",1.74209026094105,1.751351790048,0.082847121642614,1.58897441540567,1.91372916469033,0.994711782544444,23,"p06","s01","03M","#FDE725FF","#000004FF","sample","F48",485,FALSE,6,1,"6 1",6,1,37
"GBP23060103M_ITS_F48","Simpson diversity",1.3454421698669,1.34640312940933,0.0442341598054777,1.2597057693042,1.43310048951446,0.999286276508544,23,"p06","s01","03M","#FDE725FF","#000004FF","sample","F48",485,FALSE,6,1,"6 1",6,1,37
"GBP23060104M_ITS_F48","Species richness",16,16,1.6005572599047,16,19.1370345846073,1,23,"p06","s01","04M","#FDE725FF","#000004FF","sample","F48",21071,FALSE,6,1,"6 1",6,1,37
"GBP23060104M_ITS_F48","Shannon diversity",3.00950958082687,3.01061091358443,0.0208916113386174,2.96966410778173,3.05155771938713,0.999634182965128,23,"p06","s01","04M","#FDE725FF","#000004FF","sample","F48",21071,FALSE,6,1,"6 1",6,1,37
"GBP23060104M_ITS_F48","Simpson diversity",2.25299299953838,2.25312698873364,0.0163708425416011,2.22104072695552,2.28521325051175,0.999940531893708,23,"p06","s01","04M","#FDE725FF","#000004FF","sample","F48",21071,FALSE,6,1,"6 1",6,1,37
"GBP23060105M_ITS_F48","Species richness",6,6,0,6,6,1,23,"p06","s01","05M","#FDE725FF","#000004FF","sample","F48",1569,FALSE,6,1,"6 1",6,1,37
"GBP23060105M_ITS_F48","Shannon diversity",2.14149452192922,2.14493663014542,0.0579949600567054,2.03126859714944,2.2586046631414,0.998395240135385,23,"p06","s01","05M","#FDE725FF","#000004FF","sample","F48",1569,FALSE,6,1,"6 1",6,1,37
"GBP23060105M_ITS_F48","Simpson diversity",1.68003087407622,1.68075980810773,0.0372521024878492,1.60774702888315,1.75377258733231,0.999566306840518,23,"p06","s01","05M","#FDE725FF","#000004FF","sample","F48",1569,FALSE,6,1,"6 1",6,1,37
"GBP23060201M_ITS_F48","Species richness",18,18,2.08123414172173,18,22.0791439611697,1,23,"p06","s02","01M","#FDE725FF","#0C0826FF","sample","F48",148,FALSE,6,2,"6 2",6,2,19
"GBP23060201M_ITS_F48","Shannon diversity",12.0418131109735,12.7840540124939,0.984735241442317,10.8540084049596,14.7140996200282,0.941940099690207,23,"p06","s02","01M","#FDE725FF","#0C0826FF","sample","F48",148,FALSE,6,2,"6 2",6,2,19
"GBP23060201M_ITS_F48","Simpson diversity",8.45714285714286,8.90909090909089,1.2457062434666,6.46755153657966,11.3506302816021,0.949271137026242,23,"p06","s02","01M","#FDE725FF","#0C0826FF","sample","F48",148,FALSE,6,2,"6 2",6,2,19
"GBP23060202M_ITS_F48","Species richness",12,12,1.72096776465381,12,15.3730348372759,1,23,"p06","s02","02M","#FDE725FF","#0C0826FF","sample","F48",7322,FALSE,6,2,"6 2",6,2,19
"GBP23060202M_ITS_F48","Shannon diversity",1.10086558367536,1.10173316183377,0.00843560183335431,1.08519968605247,1.11826663761506,0.99921253331708,23,"p06","s02","02M","#FDE725FF","#0C0826FF","sample","F48",7322,FALSE,6,2,"6 2",6,2,19
"GBP23060202M_ITS_F48","Simpson diversity",1.02894165936265,1.02894572703055,0.00259293121689116,1.02386367523105,1.03402777883005,0.999996046761458,23,"p06","s02","02M","#FDE725FF","#0C0826FF","sample","F48",7322,FALSE,6,2,"6 2",6,2,19
"GBP23060203M_ITS_F96","Species richness",172,172,2.3923744643657,172,176.68896778769,1,23,"p06","s02","03M","#FDE725FF","#0C0826FF","sample","F96",83952,FALSE,6,2,"6 2",6,2,19
"GBP23060203M_ITS_F96","Shannon diversity",62.1220469286098,62.2480680714715,0.450796888111251,61.3645224064307,63.1316137365123,0.997975501139779,23,"p06","s02","03M","#FDE725FF","#0C0826FF","sample","F96",83952,FALSE,6,2,"6 2",6,2,19
"GBP23060203M_ITS_F96","Simpson diversity",30.0267578991615,30.0472483068236,0.318251575796984,29.4234866802384,30.6710099334088,0.999318060427601,23,"p06","s02","03M","#FDE725FF","#0C0826FF","sample","F96",83952,FALSE,6,2,"6 2",6,2,19
"GBP23060204M_ITS_F48","Species richness",2,2,0,2,2,1,23,"p06","s02","04M","#FDE725FF","#0C0826FF","sample","F48",15,FALSE,6,2,"6 2",6,2,19
"GBP23060204M_ITS_F48","Shannon diversity",1.96013170420779,2.02894247191108,0.104681282861309,1.82377092764746,2.23411401617469,0.966085402294094,23,"p06","s02","04M","#FDE725FF","#0C0826FF","sample","F48",15,FALSE,6,2,"6 2",6,2,19
"GBP23060204M_ITS_F48","Simpson diversity",1.92307692307692,2.05882352941177,0.187465875500493,1.69139716510053,2.426249893723,0.934065934065933,23,"p06","s02","04M","#FDE725FF","#0C0826FF","sample","F48",15,FALSE,6,2,"6 2",6,2,19
"GBP23060205M_ITS_F48","Species richness",111,111,0.683168627088379,111,112.338985904461,1,23,"p06","s02","05M","#FDE725FF","#0C0826FF","sample","F48",46844,FALSE,6,2,"6 2",6,2,19
"GBP23060205M_ITS_F48","Shannon diversity",58.9119193780004,59.0171439881673,0.390582010004984,58.2516173155483,59.7826706607863,0.998217050113642,23,"p06","s02","05M","#FDE725FF","#0C0826FF","sample","F48",46844,FALSE,6,2,"6 2",6,2,19
"GBP23060205M_ITS_F48","Simpson diversity",32.0843196808802,32.116588162796,0.411060741463302,31.3109239140696,32.9222524115224,0.998995270551398,23,"p06","s02","05M","#FDE725FF","#0C0826FF","sample","F48",46844,FALSE,6,2,"6 2",6,2,19
"GBP23060301M_ITS_F48","Species richness",386,386,1.81801220747997,386,389.563238450115,1,23,"p06","s03","01M","#FDE725FF","#240C4FFF","sample","F48",179299,FALSE,6,3,"6 3",6,3,25
"GBP23060301M_ITS_F48","Shannon diversity",253.689302875903,254.490752220519,0.947618439385021,252.633454208238,256.3480502328,0.996850772227976,23,"p06","s03","01M","#FDE725FF","#240C4FFF","sample","F48",179299,FALSE,6,3,"6 3",6,3,25
"GBP23060301M_ITS_F48","Simpson diversity",145.617972506031,145.962673932689,1.49013650530343,143.042060050246,148.883287815132,0.997638427569386,23,"p06","s03","01M","#FDE725FF","#240C4FFF","sample","F48",179299,FALSE,6,3,"6 3",6,3,25
"GBP23060302M_ITS_F48","Species richness",124,124,0.457941630322303,124,124.897549102453,1,23,"p06","s03","02M","#FDE725FF","#240C4FFF","sample","F48",69302,FALSE,6,3,"6 3",6,3,25
"GBP23060302M_ITS_F48","Shannon diversity",76.7076738899277,76.8649198569443,0.433631617198546,76.0150175046773,77.7148222092113,0.997954255760506,23,"p06","s03","02M","#FDE725FF","#240C4FFF","sample","F48",69302,FALSE,6,3,"6 3",6,3,25
"GBP23060302M_ITS_F48","Simpson diversity",45.5339954137407,45.6014262237919,0.630190065506401,44.3662763919844,46.8365760555994,0.998521300414591,23,"p06","s03","02M","#FDE725FF","#240C4FFF","sample","F48",69302,FALSE,6,3,"6 3",6,3,25
"GBP23060303M_ITS_F96","Species richness",8,8,0.402015126103685,8,8.78793516840355,1,23,"p06","s03","03M","#FDE725FF","#240C4FFF","sample","F96",9070,FALSE,6,3,"6 3",6,3,25
"GBP23060303M_ITS_F96","Shannon diversity",1.30034704737644,1.30085675385931,0.0118245934810402,1.27768097650464,1.32403253121397,0.999608176318142,23,"p06","s03","03M","#FDE725FF","#240C4FFF","sample","F96",9070,FALSE,6,3,"6 3",6,3,25
"GBP23060303M_ITS_F96","Simpson diversity",1.10224537832835,1.1022578053618,0.00472417818028579,1.09299858627189,1.11151702445171,0.999988725837651,23,"p06","s03","03M","#FDE725FF","#240C4FFF","sample","F96",9070,FALSE,6,3,"6 3",6,3,25
"GBP23060304M_ITS_F96","Species richness",21,21,1.17659396728245,21,23.3060818003007,1,23,"p06","s03","04M","#FDE725FF","#240C4FFF","sample","F96",9099,FALSE,6,3,"6 3",6,3,25
"GBP23060304M_ITS_F96","Shannon diversity",5.57679024025307,5.58305482236767,0.0551604286431278,5.47494236885535,5.69116727587999,0.998877929321149,23,"p06","s03","04M","#FDE725FF","#240C4FFF","sample","F96",9099,FALSE,6,3,"6 3",6,3,25
"GBP23060304M_ITS_F96","Simpson diversity",4.2925247662507,4.29407877380301,0.0454353087573552,4.20502720501214,4.38313034259388,0.999638104554161,23,"p06","s03","04M","#FDE725FF","#240C4FFF","sample","F96",9099,FALSE,6,3,"6 3",6,3,25
"GBP23060305M_ITS_F48","Species richness",7,7,0.56458736846293,7,8.10657090831359,1,23,"p06","s03","05M","#FDE725FF","#240C4FFF","sample","F48",3962,FALSE,6,3,"6 3",6,3,25
"GBP23060305M_ITS_F48","Shannon diversity",1.62410123742288,1.62536878058688,0.0230896740673584,1.58011385100009,1.67062371017367,0.999220150418085,23,"p06","s03","05M","#FDE725FF","#240C4FFF","sample","F48",3962,FALSE,6,3,"6 3",6,3,25
"GBP23060305M_ITS_F48","Simpson diversity",1.30229689571466,1.30239629242161,0.0130016942844246,1.27691343988614,1.32787914495708,0.999923681672372,23,"p06","s03","05M","#FDE725FF","#240C4FFF","sample","F48",3962,FALSE,6,3,"6 3",6,3,25
"GBP23060401M_ITS_F96","Species richness",3,3,0.642816211976136,3,4.25989662415169,1,23,"p06","s04","01M","#FDE725FF","#420A68FF","sample","F96",6,FALSE,6,4,"6 4",6,4,19
"GBP23060401M_ITS_F96","Shannon diversity",3,3.60864852820631,0.633112628075738,2.36777057902037,4.84952647739226,0.831336157165507,23,"p06","s04","01M","#FDE725FF","#420A68FF","sample","F96",6,FALSE,6,4,"6 4",6,4,19
"GBP23060401M_ITS_F96","Simpson diversity",3,5,0.99619483208636,3.04749400752581,6.95250599247419,0.6,23,"p06","s04","01M","#FDE725FF","#420A68FF","sample","F96",6,FALSE,6,4,"6 4",6,4,19
"GBP23060402M_ITS_F96","Species richness",67,67,0.500058338284816,67,67.9800963332072,1,23,"p06","s04","02M","#FDE725FF","#420A68FF","sample","F96",44581,FALSE,6,4,"6 4",6,4,19
"GBP23060402M_ITS_F96","Shannon diversity",45.3553413047332,45.4153372562599,0.218183246098909,44.987705951876,45.8429685606438,0.998678949554241,23,"p06","s04","02M","#FDE725FF","#420A68FF","sample","F96",44581,FALSE,6,4,"6 4",6,4,19
"GBP23060402M_ITS_F96","Simpson diversity",32.5023592949924,32.5432213561257,0.368153701742167,31.821653359936,33.2647893523155,0.998744375650885,23,"p06","s04","02M","#FDE725FF","#420A68FF","sample","F96",44581,FALSE,6,4,"6 4",6,4,19
"GBP23060403M_ITS_F48","Species richness",34,34,0.306937060040694,34,34.6015855832004,1,23,"p06","s04","03M","#FDE725FF","#420A68FF","sample","F48",28015,FALSE,6,4,"6 4",6,4,19
"GBP23060403M_ITS_F48","Shannon diversity",18.2615620761882,18.2757977911281,0.0795260967528054,18.1199295056615,18.4316660765946,0.99922106191464,23,"p06","s04","03M","#FDE725FF","#420A68FF","sample","F48",28015,FALSE,6,4,"6 4",6,4,19
"GBP23060403M_ITS_F48","Simpson diversity",15.4580405091572,15.4685200785266,0.111682389204843,15.2496266179777,15.6874135390754,0.999322522819497,23,"p06","s04","03M","#FDE725FF","#420A68FF","sample","F48",28015,FALSE,6,4,"6 4",6,4,19
"GBP23060404M_ITS_F96","Species richness",53,53,1.1468525639883,53,55.2477897209945,1,23,"p06","s04","04M","#FDE725FF","#420A68FF","sample","F96",37533,FALSE,6,4,"6 4",6,4,19
"GBP23060404M_ITS_F96","Shannon diversity",32.084426316136,32.1165880356661,0.158985516327592,31.8049821496005,32.4281939217317,0.998998594760614,23,"p06","s04","04M","#FDE725FF","#420A68FF","sample","F96",37533,FALSE,6,4,"6 4",6,4,19
"GBP23060404M_ITS_F96","Simpson diversity",25.048530343987,25.0715492388306,0.226316947358116,24.6279761729176,25.5151223047435,0.999081871861035,23,"p06","s04","04M","#FDE725FF","#420A68FF","sample","F96",37533,FALSE,6,4,"6 4",6,4,19
"GBP23060501M_ITS_F48","Species richness",308,308,1.88231813442191,308,311.689275750914,1,23,"p06","s05","01M","#FDE725FF","#5D126EFF","sample","F48",125100,FALSE,6,5,"6 5",6,5,17
"GBP23060501M_ITS_F48","Shannon diversity",134.484360131439,134.871893931934,0.782818375393425,133.337598109727,136.406189754142,0.997126652639049,23,"p06","s05","01M","#FDE725FF","#5D126EFF","sample","F48",125100,FALSE,6,5,"6 5",6,5,17
"GBP23060501M_ITS_F48","Simpson diversity",56.8696951844406,56.9290770256817,0.569526535343585,55.8128255281684,58.045328523195,0.998956915440342,23,"p06","s05","01M","#FDE725FF","#5D126EFF","sample","F48",125100,FALSE,6,5,"6 5",6,5,17
"GBP23060701M_ITS_F96","Species richness",36,36,1.67333808161659,36,39.2796823739279,1,23,"p06","s07","01M","#FDE725FF","#932667FF","sample","F96",16542,FALSE,6,7,"6 7",6,7,14
"GBP23060701M_ITS_F96","Shannon diversity",3.37378007328017,3.37745518707402,0.0301067027094915,3.31844713407016,3.43646324007788,0.998911868969302,23,"p06","s07","01M","#FDE725FF","#932667FF","sample","F96",16542,FALSE,6,7,"6 7",6,7,14
"GBP23060701M_ITS_F96","Simpson diversity",2.55107833071523,2.55131757220008,0.0188706236410059,2.5143318294979,2.58830331490226,0.999906228261251,23,"p06","s07","01M","#FDE725FF","#932667FF","sample","F96",16542,FALSE,6,7,"6 7",6,7,14
"GBP23060801M_ITS_F96","Species richness",10,10,0.82120268419448,10,11.6095276850288,1,23,"p06","s08","01M","#FDE725FF","#AE305CFF","sample","F96",303,FALSE,6,8,"6 8",6,8,8
"GBP23060801M_ITS_F96","Shannon diversity",3.29697192163534,3.34838435619574,0.241714391166992,2.87463285496341,3.82213585742807,0.984645599461941,23,"p06","s08","01M","#FDE725FF","#AE305CFF","sample","F96",303,FALSE,6,8,"6 8",6,8,8
"GBP23060801M_ITS_F96","Simpson diversity",1.99171228209018,1.99831813755864,0.128214354327002,1.74702262077666,2.24961365434062,0.996694292393036,23,"p06","s08","01M","#FDE725FF","#AE305CFF","sample","F96",303,FALSE,6,8,"6 8",6,8,8
"GBP23060901M_ITS_F48","Species richness",76,76,0.908725175973373,76,77.7810686167526,1,23,"p06","s09","01M","#FDE725FF","#C73E4CFF","sample","F48",3986,FALSE,6,9,"6 9",6,9,22
"GBP23060901M_ITS_F48","Shannon diversity",32.8923534881142,33.2069971578264,0.73180030729111,31.7726949116605,34.6412994039923,0.990524778009383,23,"p06","s09","01M","#FDE725FF","#C73E4CFF","sample","F48",3986,FALSE,6,9,"6 9",6,9,22
"GBP23060901M_ITS_F48","Simpson diversity",15.8857178280188,15.945280424024,0.597028633854854,14.7751258039293,17.1154350441186,0.996264562652946,23,"p06","s09","01M","#FDE725FF","#C73E4CFF","sample","F48",3986,FALSE,6,9,"6 9",6,9,22
"GBP23061001M_ITS_F48","Species richness",29,29,0.667434424869001,29,30.3081474347854,1,23,"p06","s10","01M","#FDE725FF","#DD513AFF","sample","F48",2674,FALSE,6,10,"6 10",6,10,28
"GBP23061001M_ITS_F48","Shannon diversity",7.22137200236398,7.25989906511896,0.186085974830444,6.89517725642327,7.62462087381466,0.994693168264544,23,"p06","s10","01M","#FDE725FF","#DD513AFF","sample","F48",2674,FALSE,6,10,"6 10",6,10,28
"GBP23061001M_ITS_F48","Simpson diversity",4.18590312496341,4.19089818505476,0.106384470103141,3.98238845513823,4.3994079149713,0.998808117050144,23,"p06","s10","01M","#FDE725FF","#DD513AFF","sample","F48",2674,FALSE,6,10,"6 10",6,10,28
"GBP23061002M_ITS_F96","Species richness",16,16,0.428243674834733,16,16.8393421792832,1,23,"p06","s10","02M","#FDE725FF","#DD513AFF","sample","F96",1367,FALSE,6,10,"6 10",6,10,28
"GBP23061002M_ITS_F96","Shannon diversity",2.39517232814773,2.40862563880884,0.0910510980903188,2.23016876579899,2.58708251181869,0.994414528167291,23,"p06","s10","02M","#FDE725FF","#DD513AFF","sample","F96",1367,FALSE,6,10,"6 10",6,10,28
"GBP23061002M_ITS_F96","Simpson diversity",1.47600286561241,1.47651737989057,0.0318335254978817,1.41412481641379,1.53890994336736,0.999651535237467,23,"p06","s10","02M","#FDE725FF","#DD513AFF","sample","F96",1367,FALSE,6,10,"6 10",6,10,28
"GBP23061003M_ITS_F96","Species richness",1,1,0,1,1,1,23,"p06","s10","03M","#FDE725FF","#DD513AFF","sample","F96",1,FALSE,6,10,"6 10",6,10,28
"GBP23061003M_ITS_F96","Shannon diversity",1,1,0,1,1,1,23,"p06","s10","03M","#FDE725FF","#DD513AFF","sample","F96",1,FALSE,6,10,"6 10",6,10,28
"GBP23061003M_ITS_F96","Simpson diversity",1,Inf,NA,NA,NA,0,23,"p06","s10","03M","#FDE725FF","#DD513AFF","sample","F96",1,FALSE,6,10,"6 10",6,10,28
"GBP23061004M_ITS_F96","Species richness",55,55,1.79755787966136,55,58.5231487042624,1,23,"p06","s10","04M","#FDE725FF","#DD513AFF","sample","F96",30354,FALSE,6,10,"6 10",6,10,28
"GBP23061004M_ITS_F96","Shannon diversity",11.3316496175009,11.343794994443,0.104319867193822,11.1393318118711,11.5482581770149,0.998929337408863,23,"p06","s10","04M","#FDE725FF","#DD513AFF","sample","F96",30354,FALSE,6,10,"6 10",6,10,28
"GBP23061004M_ITS_F96","Simpson diversity",6.21206073621057,6.21332293430491,0.0704011852766153,6.07533914669382,6.35130672191601,0.999796856189886,23,"p06","s10","04M","#FDE725FF","#DD513AFF","sample","F96",30354,FALSE,6,10,"6 10",6,10,28
"GBP23061005M_ITS_F96","Species richness",18,18,0.694955686185648,18,19.3620881157752,1,23,"p06","s10","05M","#FDE725FF","#DD513AFF","sample","F96",2539,FALSE,6,10,"6 10",6,10,28
"GBP23061005M_ITS_F96","Shannon diversity",3.19583798338269,3.20673125627975,0.0974558983932695,3.01572120534795,3.39774130721155,0.996602997873385,23,"p06","s10","05M","#FDE725FF","#DD513AFF","sample","F96",2539,FALSE,6,10,"6 10",6,10,28
"GBP23061005M_ITS_F96","Simpson diversity",1.77312808591082,1.77366838253873,0.0391645638135006,1.69690724799405,1.85042951708341,0.999695379004765,23,"p06","s10","05M","#FDE725FF","#DD513AFF","sample","F96",2539,FALSE,6,10,"6 10",6,10,28
"GBP23061201M_ITS_F48","Species richness",289,289,1.17264197451841,289,291.298336036816,1,23,"p06","s12","01M","#FDE725FF","#F8850FFF","sample","F48",93003,FALSE,6,12,"6 12",6,12,27
"GBP23061201M_ITS_F48","Shannon diversity",87.4732251292045,87.7162513908131,0.585921567338776,86.5678662210638,88.8646365605624,0.997229404383392,23,"p06","s12","01M","#FDE725FF","#F8850FFF","sample","F48",93003,FALSE,6,12,"6 12",6,12,27
"GBP23061201M_ITS_F48","Simpson diversity",36.8867653458518,36.9121526309122,0.336607555404116,36.252413945396,37.5718913164283,0.999312224206639,23,"p06","s12","01M","#FDE725FF","#F8850FFF","sample","F48",93003,FALSE,6,12,"6 12",6,12,27
"GBP23061202M_ITS_F96","Species richness",84,84,1.2809689776636,84,86.5106530615337,1,23,"p06","s12","02M","#FDE725FF","#F8850FFF","sample","F96",106310,FALSE,6,12,"6 12",6,12,27
"GBP23061202M_ITS_F96","Shannon diversity",23.9011937086588,23.9112999919849,0.0996102425092447,23.7160675041755,24.1065324797943,0.999577342790669,23,"p06","s12","02M","#FDE725FF","#F8850FFF","sample","F96",106310,FALSE,6,12,"6 12",6,12,27
"GBP23061202M_ITS_F96","Simpson diversity",10.9552286308627,10.9563311222587,0.0799277995623981,10.7996755137528,11.1129867307645,0.999899374034644,23,"p06","s12","02M","#FDE725FF","#F8850FFF","sample","F96",106310,FALSE,6,12,"6 12",6,12,27
"GBP23061301M_ITS_F96","Species richness",25,25,1.02994764466616,25,27.0186602895075,1,23,"p06","s13","01M","#FDE725FF","#FCA50AFF","sample","F96",1350,FALSE,6,13,"6 13",6,13,38
"GBP23061301M_ITS_F96","Shannon diversity",10.575138383026,10.6717375914681,0.310444298698561,10.0632779468131,11.2801972361231,0.990948127461516,23,"p06","s13","01M","#FDE725FF","#FCA50AFF","sample","F96",1350,FALSE,6,13,"6 13",6,13,38
"GBP23061301M_ITS_F96","Simpson diversity",7.25656176339428,7.29037397618914,0.276755250406797,6.74794365285946,7.83280429951883,0.995362074304378,23,"p06","s13","01M","#FDE725FF","#FCA50AFF","sample","F96",1350,FALSE,6,13,"6 13",6,13,38
"GBP23061303M_ITS_F48","Species richness",8,8,0.702761708925619,8,9.37738763920803,1,23,"p06","s13","03M","#FDE725FF","#FCA50AFF","sample","F48",70,FALSE,6,13,"6 13",6,13,38
"GBP23061303M_ITS_F48","Shannon diversity",6.25275033987185,6.58589482207424,0.534062470895795,5.53915161362401,7.63263803052447,0.949415456638364,23,"p06","s13","03M","#FDE725FF","#FCA50AFF","sample","F48",70,FALSE,6,13,"6 13",6,13,38
"GBP23061303M_ITS_F48","Simpson diversity",5.39647577092511,5.76372315035799,0.589521878554291,4.60828150029318,6.91916480042279,0.936282959841667,23,"p06","s13","03M","#FDE725FF","#FCA50AFF","sample","F48",70,FALSE,6,13,"6 13",6,13,38
"GBP23061304M_ITS_F96","Species richness",26,26,0.238410125291432,26,26.4672752591209,1,23,"p06","s13","04M","#FDE725FF","#FCA50AFF","sample","F96",4071,FALSE,6,13,"6 13",6,13,38
"GBP23061304M_ITS_F96","Shannon diversity",6.81524313126655,6.83674105038539,0.160755417855318,6.52166622106928,7.1518158797015,0.996855531171884,23,"p06","s13","04M","#FDE725FF","#FCA50AFF","sample","F96",4071,FALSE,6,13,"6 13",6,13,38
"GBP23061304M_ITS_F96","Simpson diversity",3.79854231738965,3.80119845090318,0.0809257375778159,3.64258691982832,3.95980998197803,0.99930123787331,23,"p06","s13","04M","#FDE725FF","#FCA50AFF","sample","F96",4071,FALSE,6,13,"6 13",6,13,38
"GBP23061305M_ITS_F96","Species richness",10,10,0.64823402765629,10,11.2705153477597,1,23,"p06","s13","05M","#FDE725FF","#FCA50AFF","sample","F96",21200,FALSE,6,13,"6 13",6,13,38
"GBP23061305M_ITS_F96","Shannon diversity",3.6120688411261,3.61285434195181,0.0158920113276582,3.5817065721077,3.64400211179593,0.999782581651135,23,"p06","s13","05M","#FDE725FF","#FCA50AFF","sample","F96",21200,FALSE,6,13,"6 13",6,13,38
"GBP23061305M_ITS_F96","Simpson diversity",3.10704444208691,3.10735329304616,0.0196936767397359,3.0687543959131,3.14595219017921,0.999900606422855,23,"p06","s13","05M","#FDE725FF","#FCA50AFF","sample","F96",21200,FALSE,6,13,"6 13",6,13,38
"GBP23061401M_ITS_F96","Species richness",60,60,0.936266429218924,60,61.835048481203,1,23,"p06","s14","01M","#FDE725FF","#FAC62DFF","sample","F96",48735,FALSE,6,14,"6 14",6,14,21
"GBP23061401M_ITS_F96","Shannon diversity",11.5769987773429,11.5844326043331,0.0544767036846585,11.4776602271147,11.6912049815515,0.999358291662263,23,"p06","s14","01M","#FDE725FF","#FAC62DFF","sample","F96",48735,FALSE,6,14,"6 14",6,14,21
"GBP23061401M_ITS_F96","Simpson diversity",8.9978509884875,8.99939942244329,0.0333235579037003,8.9340864491153,9.06471239577128,0.999827940301002,23,"p06","s14","01M","#FDE725FF","#FAC62DFF","sample","F96",48735,FALSE,6,14,"6 14",6,14,21
"GBP23061402M_ITS_F96","Species richness",32,32,3.30063191986429,32,38.4691196891573,1,23,"p06","s14","02M","#FDE725FF","#FAC62DFF","sample","F96",2756,FALSE,6,14,"6 14",6,14,21
"GBP23061402M_ITS_F96","Shannon diversity",4.24712011755195,4.27177490343778,0.13419083286994,4.00876570395726,4.53478410291829,0.994228444512377,23,"p06","s14","02M","#FDE725FF","#FAC62DFF","sample","F96",2756,FALSE,6,14,"6 14",6,14,21
"GBP23061402M_ITS_F96","Simpson diversity",2.20027044470425,2.20122945401666,0.0531400918445208,2.09707678786625,2.30538212016707,0.999564330147112,23,"p06","s14","02M","#FDE725FF","#FAC62DFF","sample","F96",2756,FALSE,6,14,"6 14",6,14,21
"GBP23061404M_ITS_F96","Species richness",20,20,2.11868721651633,20,24.1525506388774,1,23,"p06","s14","04M","#FDE725FF","#FAC62DFF","sample","F96",456,FALSE,6,14,"6 14",6,14,21
"GBP23061404M_ITS_F96","Shannon diversity",11.3891203590964,11.635984944205,0.539675247179963,10.5782408963845,12.6937289920255,0.978784384279256,23,"p06","s14","04M","#FDE725FF","#FAC62DFF","sample","F96",456,FALSE,6,14,"6 14",6,14,21
"GBP23061404M_ITS_F96","Simpson diversity",8.71556710537346,8.8659088966755,0.522816610304829,7.84120716995873,9.89061062339228,0.983042709658519,23,"p06","s14","04M","#FDE725FF","#FAC62DFF","sample","F96",456,FALSE,6,14,"6 14",6,14,21
"GBP23061405M_ITS_F48","Species richness",22,22,1.31213246269683,22,24.5717323698316,1,23,"p06","s14","05M","#FDE725FF","#FAC62DFF","sample","F48",640,FALSE,6,14,"6 14",6,14,21
"GBP23061405M_ITS_F48","Shannon diversity",5.26360943905395,5.35309102957162,0.364561605321515,4.63856341299534,6.06761864614789,0.983284126867384,23,"p06","s14","05M","#FDE725FF","#FAC62DFF","sample","F48",640,FALSE,6,14,"6 14",6,14,21
"GBP23061405M_ITS_F48","Simpson diversity",2.44493523548021,2.45047636167536,0.148386555502052,2.15964405710139,2.74130866624934,0.997738755500029,23,"p06","s14","05M","#FDE725FF","#FAC62DFF","sample","F48",640,FALSE,6,14,"6 14",6,14,21
