"Assemblage","Diversity","Observed","Estimator","s.e.","LCL","UCL","completeness","year","period","site","specimen","color_p","color_s","type","plate","quant_reading","is.neg","period_num","j","site_num","Periodo","Sitio","n_plants"
"GBP23010302M_ITS_P96","Species richness",12,12,0,12,12,1,23,"p01","s03","02M","#440154FF","#240C4FFF","sample","P96",6470,FALSE,1,"1 3",3,1,3,11
"GBP23010302M_ITS_P96","Shannon diversity",3.4410335938324,3.44401279007517,0.0567305860056529,3.33282288468224,3.5552026954681,0.999134963653052,23,"p01","s03","02M","#440154FF","#240C4FFF","sample","P96",6470,FALSE,1,"1 3",3,1,3,11
"GBP23010302M_ITS_P96","Simpson diversity",2.09913307612461,2.09949448941145,0.0312045096575447,2.03833477432743,2.16065420449547,0.999827856996689,23,"p01","s03","02M","#440154FF","#240C4FFF","sample","P96",6470,FALSE,1,"1 3",3,1,3,11
"GBP23010303M_ITS_P96","Species richness",14,14,0.187749379018473,14,14.367982020996,1,23,"p01","s03","03M","#440154FF","#240C4FFF","sample","P96",11068,FALSE,1,"1 3",3,1,3,11
"GBP23010303M_ITS_P96","Shannon diversity",2.80020708249944,2.80188118728566,0.0253262744813518,2.75224260143964,2.85151977313169,0.999402506860811,23,"p01","s03","03M","#440154FF","#240C4FFF","sample","P96",11068,FALSE,1,"1 3",3,1,3,11
"GBP23010303M_ITS_P96","Simpson diversity",2.25256129742983,2.25281749790269,0.017417199581394,2.21868041401161,2.28695458179376,0.999886275531376,23,"p01","s03","03M","#440154FF","#240C4FFF","sample","P96",11068,FALSE,1,"1 3",3,1,3,11
"GBP23010304M_ITS_P96","Simpson diversity",1.94135368364812,1.94145540325605,0.016842927865303,1.90844387124585,1.97446693526625,0.999947606518411,23,"p01","s03","04M","#440154FF","#240C4FFF","sample","P96",18320,FALSE,1,"1 3",3,1,3,11
"GBP23010304M_ITS_P96","Species richness",26,26,0.88045507816983,26,27.7256602432183,1,23,"p01","s03","04M","#440154FF","#240C4FFF","sample","P96",18320,FALSE,1,"1 3",3,1,3,11
"GBP23010304M_ITS_P96","Shannon diversity",3.37413664799486,3.37652735667403,0.0377765258612499,3.30248672652493,3.45056798682313,0.999291962295391,23,"p01","s03","04M","#440154FF","#240C4FFF","sample","P96",18320,FALSE,1,"1 3",3,1,3,11
"GBP23010305M_ITS_P96","Shannon diversity",3.75676639234912,3.77040243945757,0.111907611162894,3.55106755198238,3.98973732693275,0.996383397441678,23,"p01","s03","05M","#440154FF","#240C4FFF","sample","P96",700,FALSE,1,"1 3",3,1,3,11
"GBP23010305M_ITS_P96","Species richness",6,6,0.238683256575942,6,6.46781058660158,1,23,"p01","s03","05M","#440154FF","#240C4FFF","sample","P96",700,FALSE,1,"1 3",3,1,3,11
"GBP23010305M_ITS_P96","Simpson diversity",3.27610183996577,3.28680441733615,0.104727983121782,3.08154134224394,3.49206749242836,0.996743774191755,23,"p01","s03","05M","#440154FF","#240C4FFF","sample","P96",700,FALSE,1,"1 3",3,1,3,11
"GBP23010501M_ITS_P96","Simpson diversity",2.0380333959248,2.03804760347782,0.00541531572609419,2.02743377968976,2.04866142726588,0.999993028841428,23,"p01","s05","01M","#440154FF","#5D126EFF","sample","P96",161394,FALSE,1,"1 5",5,1,5,3
"GBP23010501M_ITS_P96","Species richness",153,153,1.22183526788454,153,155.394753120095,1,23,"p01","s05","01M","#440154FF","#5D126EFF","sample","P96",161394,FALSE,1,"1 5",5,1,5,3
"GBP23010501M_ITS_P96","Shannon diversity",4.09263069897119,4.09473762530333,0.0188960174180725,4.05770211171267,4.131773138894,0.999485455107277,23,"p01","s05","01M","#440154FF","#5D126EFF","sample","P96",161394,FALSE,1,"1 5",5,1,5,3
"GBP23010901M_ITS_P96","Species richness",2,2,0,2,2,1,23,"p01","s09","01M","#440154FF","#C73E4CFF","sample","P96",100,FALSE,1,"1 9",9,1,9,11
"GBP23010901M_ITS_P96","Shannon diversity",1.64938488846612,1.65772497112739,0.0833808979723057,1.49430141410307,1.82114852815172,0.994968958779933,23,"p01","s09","01M","#440154FF","#C73E4CFF","sample","P96",100,FALSE,1,"1 9",9,1,9,11
"GBP23010901M_ITS_P96","Simpson diversity",1.47058823529412,1.47761194029851,0.0969230862891868,1.28764618190123,1.66757769869578,0.995246583481879,23,"p01","s09","01M","#440154FF","#C73E4CFF","sample","P96",100,FALSE,1,"1 9",9,1,9,11
"GBP23011001M_ITS_P96","Species richness",107,107,0.586586868765781,107,108.149689136585,1,23,"p01","s10","01M","#440154FF","#DD513AFF","sample","P96",51095,FALSE,1,"1 10",10,1,10,10
"GBP23011001M_ITS_P96","Shannon diversity",8.7480583583301,8.75737375732819,0.0714647285818338,8.61730546314287,8.89744205151352,0.998936279385096,23,"p01","s10","01M","#440154FF","#DD513AFF","sample","P96",51095,FALSE,1,"1 10",10,1,10,10
"GBP23011001M_ITS_P96","Simpson diversity",3.7265985978537,3.72680113499165,0.0247905586853813,3.67821253281168,3.77538973717163,0.999945653891739,23,"p01","s10","01M","#440154FF","#DD513AFF","sample","P96",51095,FALSE,1,"1 10",10,1,10,10
"GBP23011101M_ITS_P96","Simpson diversity",1.26961830374269,1.26969359132403,0.0129457208521091,1.24432044469999,1.29506673794807,0.999940704133774,23,"p01","s11","01M","#440154FF","#ED6925FF","sample","P96",4548,FALSE,1,"1 11",11,1,11,5
"GBP23011101M_ITS_P96","Shannon diversity",1.76029626451738,1.76285850824393,0.0345701600487719,1.69510223960856,1.83061477687931,0.998546540340831,23,"p01","s11","01M","#440154FF","#ED6925FF","sample","P96",4548,FALSE,1,"1 11",11,1,11,5
"GBP23011101M_ITS_P96","Species richness",14,14,0.550988721865813,14,15.0799180507447,1,23,"p01","s11","01M","#440154FF","#ED6925FF","sample","P96",4548,FALSE,1,"1 11",11,1,11,5
"GBP23011102M_ITS_P96","Shannon diversity",3.22834014662181,3.23316519630724,0.0490403282936602,3.13704791906164,3.32928247355283,0.998507638987659,23,"p01","s11","02M","#440154FF","#ED6925FF","sample","P96",10154,FALSE,1,"1 11",11,1,11,5
"GBP23011102M_ITS_P96","Simpson diversity",1.73682851719103,1.73695457231384,0.0167952305843801,1.70403652525641,1.76987261937128,0.99992742750742,23,"p01","s11","02M","#440154FF","#ED6925FF","sample","P96",10154,FALSE,1,"1 11",11,1,11,5
"GBP23011102M_ITS_P96","Species richness",31,31,0.349697377682673,31,31.6853942657461,1,23,"p01","s11","02M","#440154FF","#ED6925FF","sample","P96",10154,FALSE,1,"1 11",11,1,11,5
"GBP23020201M_ITS_P96","Species richness",28,28,0.896396028764088,28,29.7569039322623,1,23,"p02","s02","01M","#414487FF","#0C0826FF","sample","P96",6264,FALSE,2,"2 2",2,2,2,9
"GBP23020201M_ITS_P96","Shannon diversity",5.68199876122577,5.69450974548334,0.0805638894525746,5.53660742370183,5.85241206726485,0.997802974300379,23,"p02","s02","01M","#414487FF","#0C0826FF","sample","P96",6264,FALSE,2,"2 2",2,2,2,9
"GBP23020201M_ITS_P96","Simpson diversity",3.24658037098125,3.24774647670035,0.0493805889128427,3.1509623008958,3.3445306525049,0.999640949277456,23,"p02","s02","01M","#414487FF","#0C0826FF","sample","P96",6264,FALSE,2,"2 2",2,2,2,9
"GBP23020202M_ITS_P96","Shannon diversity",7.16976552042719,7.18535574495117,0.0940409136923592,7.00103894104091,7.36967254886144,0.997830277987985,23,"p02","s02","02M","#414487FF","#0C0826FF","sample","P96",3757,FALSE,2,"2 2",2,2,2,9
"GBP23020202M_ITS_P96","Simpson diversity",5.31511131803299,5.32126566101882,0.088142071231322,5.14851037588267,5.49402094615498,0.998843443763592,23,"p02","s02","02M","#414487FF","#0C0826FF","sample","P96",3757,FALSE,2,"2 2",2,2,2,9
"GBP23020202M_ITS_P96","Species richness",17,17,0.465123784946484,17,17.9116258668481,1,23,"p02","s02","02M","#414487FF","#0C0826FF","sample","P96",3757,FALSE,2,"2 2",2,2,2,9
"GBP23020301M_ITS_P96","Species richness",24,24,0.421152572782397,24,24.8254438746499,1,23,"p02","s03","01M","#414487FF","#240C4FFF","sample","P96",20416,FALSE,2,"2 3",3,2,3,9
"GBP23020301M_ITS_P96","Shannon diversity",7.11742960120519,7.12242501216655,0.0602522349221398,7.00433280173111,7.24051722260199,0.999298636215499,23,"p02","s03","01M","#414487FF","#240C4FFF","sample","P96",20416,FALSE,2,"2 3",3,2,3,9
"GBP23020301M_ITS_P96","Simpson diversity",5.20921056094945,5.21053585205686,0.0448987008428448,5.12253601545224,5.29853568866147,0.999745651667115,23,"p02","s03","01M","#414487FF","#240C4FFF","sample","P96",20416,FALSE,2,"2 3",3,2,3,9
"GBP23020302M_ITS_P96","Species richness",89,89,0.970979960599101,89,90.9030857524844,1,23,"p02","s03","02M","#414487FF","#240C4FFF","sample","P96",105011,FALSE,2,"2 3",3,2,3,9
"GBP23020302M_ITS_P96","Shannon diversity",11.2028176404333,11.2082483990347,0.0580135866115351,11.0945438586621,11.3219529394073,0.999515467679872,23,"p02","s03","02M","#414487FF","#240C4FFF","sample","P96",105011,FALSE,2,"2 3",3,2,3,9
"GBP23020302M_ITS_P96","Simpson diversity",6.62804393876259,6.62845198053445,0.0314808750428916,6.56675059924858,6.69015336182032,0.999938440864766,23,"p02","s03","02M","#414487FF","#240C4FFF","sample","P96",105011,FALSE,2,"2 3",3,2,3,9
"GBP23020303M_ITS_P96","Shannon diversity",7.92694724122681,7.9303827096106,0.0451463635307736,7.84189746305734,8.01886795616387,0.999566796646569,23,"p02","s03","03M","#414487FF","#240C4FFF","sample","P96",79775,FALSE,2,"2 3",3,2,3,9
"GBP23020303M_ITS_P96","Simpson diversity",3.71278004740177,3.71291936623345,0.0207488783218124,3.67225231200309,3.7535864204638,0.999962477280563,23,"p02","s03","03M","#414487FF","#240C4FFF","sample","P96",79775,FALSE,2,"2 3",3,2,3,9
"GBP23020303M_ITS_P96","Species richness",63,63,0.769107569364392,63,64.5074231361913,1,23,"p02","s03","03M","#414487FF","#240C4FFF","sample","P96",79775,FALSE,2,"2 3",3,2,3,9
"GBP23020304M_ITS_P96","Species richness",31,31,0.507488427986748,31,31.9946590414249,1,23,"p02","s03","04M","#414487FF","#240C4FFF","sample","P96",7157,FALSE,2,"2 3",3,2,3,9
"GBP23020304M_ITS_P96","Simpson diversity",2.5586436502569,2.55920475424339,0.0453061363934394,2.47040635863359,2.64800314985319,0.99978075064703,23,"p02","s03","04M","#414487FF","#240C4FFF","sample","P96",7157,FALSE,2,"2 3",3,2,3,9
"GBP23020304M_ITS_P96","Shannon diversity",5.54166284550661,5.55348531663206,0.11393663577419,5.33017361399499,5.77679701926913,0.99787116190079,23,"p02","s03","04M","#414487FF","#240C4FFF","sample","P96",7157,FALSE,2,"2 3",3,2,3,9
"GBP23020305M_ITS_P96","Species richness",8,8,0.377859618662067,8,8.74059124378969,1,23,"p02","s03","05M","#414487FF","#240C4FFF","sample","P96",1523,FALSE,2,"2 3",3,2,3,9
"GBP23020305M_ITS_P96","Shannon diversity",2.12943155992497,2.13443614150964,0.0595108994502714,2.01779692189953,2.25107536111976,0.997655314447061,23,"p02","s03","05M","#414487FF","#240C4FFF","sample","P96",1523,FALSE,2,"2 3",3,2,3,9
"GBP23020305M_ITS_P96","Simpson diversity",1.50612409216494,1.50662510350709,0.0325648434629055,1.44279918315761,1.57045102385657,0.99966746117466,23,"p02","s03","05M","#414487FF","#240C4FFF","sample","P96",1523,FALSE,2,"2 3",3,2,3,9
"GBP23020401M_ITS_P96","Simpson diversity",2.70256275371642,2.70609324687367,0.0586599661231565,2.59112182593795,2.8210646678094,0.998695354211711,23,"p02","s04","01M","#414487FF","#420A68FF","sample","P96",1344,FALSE,2,"2 4",4,2,4,15
"GBP23020401M_ITS_P96","Species richness",4,4,0,4,4,1,23,"p02","s04","01M","#414487FF","#420A68FF","sample","P96",1344,FALSE,2,"2 4",4,2,4,15
"GBP23020401M_ITS_P96","Shannon diversity",3.12512664676861,3.12872218548353,0.0514576737034976,3.02786699829646,3.2295773726706,0.998850796426861,23,"p02","s04","01M","#414487FF","#420A68FF","sample","P96",1344,FALSE,2,"2 4",4,2,4,15
"GBP23020402M_ITS_P96","Species richness",23,23,0,23,23,1,23,"p02","s04","02M","#414487FF","#420A68FF","sample","P96",7075,FALSE,2,"2 4",4,2,4,15
"GBP23020402M_ITS_P96","Shannon diversity",12.7122601190596,12.7329808492223,0.144937370504351,12.4489088230198,13.0170528754248,0.998372672478812,23,"p02","s04","02M","#414487FF","#420A68FF","sample","P96",7075,FALSE,2,"2 4",4,2,4,15
"GBP23020402M_ITS_P96","Simpson diversity",8.81617453548671,8.82635581316499,0.162959144082278,8.50696175981226,9.14574986651773,0.99884649136135,23,"p02","s04","02M","#414487FF","#420A68FF","sample","P96",7075,FALSE,2,"2 4",4,2,4,15
"GBP23020403M_ITS_P96","Species richness",62,62,0.705822148372447,62,63.3833859903007,1,23,"p02","s04","03M","#414487FF","#420A68FF","sample","P96",69104,FALSE,2,"2 4",4,2,4,15
"GBP23020403M_ITS_P96","Shannon diversity",9.54459898108082,9.54948985938505,0.0469345927716283,9.45749974792361,9.6414799708465,0.999487838787595,23,"p02","s04","03M","#414487FF","#420A68FF","sample","P96",69104,FALSE,2,"2 4",4,2,4,15
"GBP23020403M_ITS_P96","Simpson diversity",6.60874839877578,6.60936374426518,0.0250045647504158,6.56035569790527,6.6583717906251,0.999906897923429,23,"p02","s04","03M","#414487FF","#420A68FF","sample","P96",69104,FALSE,2,"2 4",4,2,4,15
"GBP23020404M_ITS_P48","Species richness",14,14,0.196946385566933,14,14.3860078225965,1,23,"p02","s04","04M","#414487FF","#420A68FF","sample","P48",1591,FALSE,2,"2 4",4,2,4,15
"GBP23020404M_ITS_P48","Shannon diversity",8.09099692834977,8.12503986134747,0.16869130918889,7.79441097083234,8.45566875186261,0.995810121109725,23,"p02","s04","04M","#414487FF","#420A68FF","sample","P48",1591,FALSE,2,"2 4",4,2,4,15
"GBP23020404M_ITS_P48","Simpson diversity",6.38655582703385,6.40862771383389,0.183068703298287,6.0498196486728,6.76743577899498,0.996555910596523,23,"p02","s04","04M","#414487FF","#420A68FF","sample","P48",1591,FALSE,2,"2 4",4,2,4,15
"GBP23020501M_ITS_P96","Species richness",5,5,0,5,5,1,23,"p02","s05","01M","#414487FF","#5D126EFF","sample","P96",2231,FALSE,2,"2 5",5,2,5,9
"GBP23020501M_ITS_P96","Shannon diversity",2.01043355104422,2.01227498595528,0.0401404252896599,1.93360119806342,2.09094877384713,0.999084898970616,23,"p02","s05","01M","#414487FF","#5D126EFF","sample","P96",2231,FALSE,2,"2 5",5,2,5,9
"GBP23020501M_ITS_P96","Simpson diversity",1.52746105168288,1.52782802334773,0.0273803150495979,1.47416359196515,1.5814924547303,0.999759808264259,23,"p02","s05","01M","#414487FF","#5D126EFF","sample","P96",2231,FALSE,2,"2 5",5,2,5,9
"GBP23020601M_ITS_P96","Simpson diversity",3.5406622106653,3.54100260005212,0.012292217245639,3.51691029696053,3.56509490314372,0.99990387203138,23,"p02","s06","01M","#414487FF","#781C6DFF","sample","P96",28074,FALSE,2,"2 6",6,2,6,4
"GBP23020601M_ITS_P96","Species richness",20,20,0.173785063346943,20,20.340612465211,1,23,"p02","s06","01M","#414487FF","#781C6DFF","sample","P96",28074,FALSE,2,"2 6",6,2,6,4
"GBP23020601M_ITS_P96","Shannon diversity",4.23041276940572,4.23194767305298,0.0236673296618512,4.18556055930551,4.27833478680044,0.999637305617688,23,"p02","s06","01M","#414487FF","#781C6DFF","sample","P96",28074,FALSE,2,"2 6",6,2,6,4
"GBP23020602M_ITS_P96","Shannon diversity",3.59611546662432,3.89202712348298,0.406482582344536,3.09533590174486,4.68871834522111,0.923969785546137,23,"p02","s06","02M","#414487FF","#781C6DFF","sample","P96",20,FALSE,2,"2 6",6,2,6,4
"GBP23020602M_ITS_P96","Simpson diversity",3.33333333333333,3.8,0.520421724176791,2.77999216384126,4.82000783615875,0.877192982456139,23,"p02","s06","02M","#414487FF","#781C6DFF","sample","P96",20,FALSE,2,"2 6",6,2,6,4
"GBP23020602M_ITS_P96","Species richness",4,4,0.445820942903441,4,4.87379299164443,1,23,"p02","s06","02M","#414487FF","#781C6DFF","sample","P96",20,FALSE,2,"2 6",6,2,6,4
"GBP23020701M_ITS_P96","Species richness",43,43,0.662062051898923,43,44.2976177772526,1,23,"p02","s07","01M","#414487FF","#932667FF","sample","P96",28009,FALSE,2,"2 7",7,2,7,8
"GBP23020701M_ITS_P96","Simpson diversity",4.9345035204099,4.93530904562413,0.0431497191226735,4.85073715020067,5.01988094104759,0.999836783227396,23,"p02","s07","01M","#414487FF","#932667FF","sample","P96",28009,FALSE,2,"2 7",7,2,7,8
"GBP23020701M_ITS_P96","Shannon diversity",8.07560425495031,8.08271419115987,0.0778871037931465,7.93005827286517,8.23537010945457,0.999120352886245,23,"p02","s07","01M","#414487FF","#932667FF","sample","P96",28009,FALSE,2,"2 7",7,2,7,8
"GBP23020801M_ITS_P96","Species richness",58,58,1.07414042345086,58,60.1052765443023,1,23,"p02","s08","01M","#414487FF","#AE305CFF","sample","P96",28028,FALSE,2,"2 8",8,2,8,5
"GBP23020801M_ITS_P96","Shannon diversity",3.5263573707293,3.53007046706274,0.0380594583801359,3.45547529936657,3.60466563475891,0.99894815234764,23,"p02","s08","01M","#414487FF","#AE305CFF","sample","P96",28028,FALSE,2,"2 8",8,2,8,5
"GBP23020801M_ITS_P96","Simpson diversity",1.85084230161026,1.85089963464161,0.0128078743451715,1.82579666220656,1.87600260707666,0.999969024235415,23,"p02","s08","01M","#414487FF","#AE305CFF","sample","P96",28028,FALSE,2,"2 8",8,2,8,5
"GBP23020802M_ITS_P96","Species richness",2,2,0,2,2,1,23,"p02","s08","02M","#414487FF","#AE305CFF","sample","P96",141,FALSE,2,"2 8",8,2,8,5
"GBP23020802M_ITS_P96","Shannon diversity",1.99150542779673,1.99860545857454,0.0164007848403696,1.96646051096923,2.03075040617986,0.996447507562162,23,"p02","s08","02M","#414487FF","#AE305CFF","sample","P96",141,FALSE,2,"2 8",8,2,8,5
"GBP23020802M_ITS_P96","Simpson diversity",1.9831421446384,1.9971671388102,0.0319347140733262,1.9345762493699,2.05975802825051,0.992977556109723,23,"p02","s08","02M","#414487FF","#AE305CFF","sample","P96",141,FALSE,2,"2 8",8,2,8,5
"GBP23020901M_ITS_P48","Shannon diversity",2.26041020466132,2.26301990750141,0.0227968928262234,2.21833881860259,2.30770099640022,0.9988468051777,23,"p02","s09","01M","#414487FF","#C73E4CFF","sample","P48",19893,FALSE,2,"2 9",9,2,9,14
"GBP23020901M_ITS_P48","Simpson diversity",1.5168031719871,1.51684260006612,0.00884713680017342,1.49950253057148,1.53418266956076,0.999974006479631,23,"p02","s09","01M","#414487FF","#C73E4CFF","sample","P48",19893,FALSE,2,"2 9",9,2,9,14
"GBP23020901M_ITS_P48","Species richness",46,46,1.68493352455135,46,49.3024090244648,1,23,"p02","s09","01M","#414487FF","#C73E4CFF","sample","P48",19893,FALSE,2,"2 9",9,2,9,14
"GBP23020902M_ITS_P96","Species richness",12,12,0.0999999999999998,12,12.195996398454,1,23,"p02","s09","02M","#414487FF","#C73E4CFF","sample","P96",3779,FALSE,2,"2 9",9,2,9,14
"GBP23020902M_ITS_P96","Shannon diversity",2.27073323000342,2.27408008979444,0.0498587728588565,2.17635869067772,2.37180148891116,0.998528257731099,23,"p02","s09","02M","#414487FF","#C73E4CFF","sample","P96",3779,FALSE,2,"2 9",9,2,9,14
"GBP23020902M_ITS_P96","Simpson diversity",1.56723979123576,1.56747513646318,0.0240775715633444,1.52028396336384,1.61466630956252,0.999849857122484,23,"p02","s09","02M","#414487FF","#C73E4CFF","sample","P96",3779,FALSE,2,"2 9",9,2,9,14
"GBP23020903M_ITS_P96","Species richness",41,41,0.609168340759258,41,42.1939480084102,1,23,"p02","s09","03M","#414487FF","#C73E4CFF","sample","P96",35559,FALSE,2,"2 9",9,2,9,14
"GBP23020903M_ITS_P96","Shannon diversity",6.80953819818014,6.81370991587825,0.0507110560068768,6.71431807248678,6.91310175926972,0.999387746506733,23,"p02","s09","03M","#414487FF","#C73E4CFF","sample","P96",35559,FALSE,2,"2 9",9,2,9,14
"GBP23020903M_ITS_P96","Simpson diversity",4.57768443738809,4.57817971368193,0.0308684647249438,4.51767863456299,4.63868079280086,0.999891818075129,23,"p02","s09","03M","#414487FF","#C73E4CFF","sample","P96",35559,FALSE,2,"2 9",9,2,9,14
"GBP23021101M_ITS_P96","Species richness",20,20,0,20,20,1,23,"p02","s11","01M","#414487FF","#ED6925FF","sample","P96",6972,FALSE,2,"2 11",11,2,11,8
"GBP23021101M_ITS_P96","Shannon diversity",7.57645547305691,7.58706910254309,0.0923545208286016,7.40605756790958,7.7680806371766,0.998601089650993,23,"p02","s11","01M","#414487FF","#ED6925FF","sample","P96",6972,FALSE,2,"2 11",11,2,11,8
"GBP23021101M_ITS_P96","Simpson diversity",5.02026458915502,5.02322612282632,0.0779693184366503,4.87040906679135,5.17604317886129,0.999410431941767,23,"p02","s11","01M","#414487FF","#ED6925FF","sample","P96",6972,FALSE,2,"2 11",11,2,11,8
"GBP23021102M_ITS_P48","Shannon diversity",1.31124128179073,1.31152660810389,0.0052402235044227,1.30125595876428,1.3217972574435,0.999782447179191,23,"p02","s11","02M","#414487FF","#ED6925FF","sample","P48",56418,FALSE,2,"2 11",11,2,11,8
"GBP23021102M_ITS_P48","Species richness",25,25,0.169220881632954,25,25.3316668334327,1,23,"p02","s11","02M","#414487FF","#ED6925FF","sample","P48",56418,FALSE,2,"2 11",11,2,11,8
"GBP23021102M_ITS_P48","Simpson diversity",1.09357831468439,1.0935801479948,0.00165958673880961,1.09032741775751,1.09683287823209,0.999998323570144,23,"p02","s11","02M","#414487FF","#ED6925FF","sample","P48",56418,FALSE,2,"2 11",11,2,11,8
"GBP23021103M_ITS_P96","Species richness",1,1,0,1,1,1,23,"p02","s11","03M","#414487FF","#ED6925FF","sample","P96",919,FALSE,2,"2 11",11,2,11,8
"GBP23021103M_ITS_P96","Shannon diversity",1,1,0,1,1,1,23,"p02","s11","03M","#414487FF","#ED6925FF","sample","P96",919,FALSE,2,"2 11",11,2,11,8
"GBP23021103M_ITS_P96","Simpson diversity",1,1,0,1,1,1,23,"p02","s11","03M","#414487FF","#ED6925FF","sample","P96",919,FALSE,2,"2 11",11,2,11,8
"GBP23021104M_ITS_P96","Species richness",6,6,0,6,6,1,23,"p02","s11","04M","#414487FF","#ED6925FF","sample","P96",1756,FALSE,2,"2 11",11,2,11,8
"GBP23021104M_ITS_P96","Shannon diversity",3.19774524622057,3.20235737754296,0.0734010216360139,3.05849401870793,3.34622073637799,0.998559769951122,23,"p02","s11","04M","#414487FF","#ED6925FF","sample","P96",1756,FALSE,2,"2 11",11,2,11,8
"GBP23021104M_ITS_P96","Simpson diversity",2.36153575575333,2.36338402218112,0.0630440424888079,2.23981996946324,2.48694807489899,0.999217957635981,23,"p02","s11","04M","#414487FF","#ED6925FF","sample","P96",1756,FALSE,2,"2 11",11,2,11,8
"GBP23021105M_ITS_P96","Species richness",65,65,1.12323749009568,65,67.2015050266727,1,23,"p02","s11","05M","#414487FF","#ED6925FF","sample","P96",56382,FALSE,2,"2 11",11,2,11,8
"GBP23021105M_ITS_P96","Shannon diversity",4.42875486608727,4.43149347948748,0.0274416097803203,4.37770891264025,4.48527804633471,0.999382011185871,23,"p02","s11","05M","#414487FF","#ED6925FF","sample","P96",56382,FALSE,2,"2 11",11,2,11,8
"GBP23021105M_ITS_P96","Simpson diversity",2.85620699878389,2.85630845307388,0.0109147191500011,2.83491599663851,2.87770090950925,0.999964480625375,23,"p02","s11","05M","#414487FF","#ED6925FF","sample","P96",56382,FALSE,2,"2 11",11,2,11,8
"GBP23021401M_ITS_P96","Simpson diversity",2.93482418847503,2.93732229934716,0.0753792401461567,2.7895817034787,3.08506289521562,0.999149527829246,23,"p02","s14","01M","#414487FF","#FAC62DFF","sample","P96",2276,FALSE,2,"2 14",14,2,14,20
"GBP23021401M_ITS_P96","Species richness",12,12,0,12,12,1,23,"p02","s14","01M","#414487FF","#FAC62DFF","sample","P96",2276,FALSE,2,"2 14",14,2,14,20
"GBP23021401M_ITS_P96","Shannon diversity",4.74769446932094,4.75923591829962,0.104702008483095,4.55402375256374,4.96444808403549,0.997574936570323,23,"p02","s14","01M","#414487FF","#FAC62DFF","sample","P96",2276,FALSE,2,"2 14",14,2,14,20
"GBP23021402M_ITS_P96","Shannon diversity",7.5751336785981,7.58563685816341,0.0887998621048347,7.41159232660581,7.75968138972101,0.998615385924518,23,"p02","s14","02M","#414487FF","#FAC62DFF","sample","P96",7015,FALSE,2,"2 14",14,2,14,20
"GBP23021402M_ITS_P96","Simpson diversity",5.11896975467257,5.12202249027093,0.0785593702318045,4.96804895396844,5.27599602657341,0.999403998009741,23,"p02","s14","02M","#414487FF","#FAC62DFF","sample","P96",7015,FALSE,2,"2 14",14,2,14,20
"GBP23021402M_ITS_P96","Species richness",20,20,0.123085555131886,20,20.2412432550756,1,23,"p02","s14","02M","#414487FF","#FAC62DFF","sample","P96",7015,FALSE,2,"2 14",14,2,14,20
"GBP23021501M_ITS_P96","Species richness",11,11,0,11,11,1,23,"p02","s15","01M","#414487FF","#F2E661FF","sample","P96",923,FALSE,2,"2 15",15,2,15,10
"GBP23021501M_ITS_P96","Shannon diversity",7.76211957623942,7.80458637168926,0.16215470488091,7.48676899019896,8.12240375317957,0.994558738486912,23,"p02","s15","01M","#414487FF","#F2E661FF","sample","P96",923,FALSE,2,"2 15",15,2,15,10
"GBP23021501M_ITS_P96","Simpson diversity",6.93747607918502,6.9824414578513,0.138591622229483,6.71080686972253,7.25407604598007,0.99356022117225,23,"p02","s15","01M","#414487FF","#F2E661FF","sample","P96",923,FALSE,2,"2 15",15,2,15,10
"GBP23021602M_ITS_P96","Species richness",1,1,0,1,1,1,23,"p02","s16","02M","#414487FF","#FCFFA4FF","sample","P96",14,FALSE,2,"2 16",16,2,16,11
"GBP23021602M_ITS_P96","Shannon diversity",1,1,0,1,1,1,23,"p02","s16","02M","#414487FF","#FCFFA4FF","sample","P96",14,FALSE,2,"2 16",16,2,16,11
"GBP23021602M_ITS_P96","Simpson diversity",1,1,0,1,1,1,23,"p02","s16","02M","#414487FF","#FCFFA4FF","sample","P96",14,FALSE,2,"2 16",16,2,16,11
"GBP23021603M_ITS_P96","Species richness",96,96,0.961595426719348,96,97.8846924040683,1,23,"p02","s16","03M","#414487FF","#FCFFA4FF","sample","P96",113839,FALSE,2,"2 16",16,2,16,11
"GBP23021603M_ITS_P96","Shannon diversity",11.5325535958636,11.5378841709255,0.046310939680388,11.4471163970617,11.6286519447893,0.999537993709861,23,"p02","s16","03M","#414487FF","#FCFFA4FF","sample","P96",113839,FALSE,2,"2 16",16,2,16,11
"GBP23021603M_ITS_P96","Simpson diversity",7.49933438296027,7.49980321691798,0.0327863788647546,7.43554309515958,7.56406333867639,0.999937487165442,23,"p02","s16","03M","#414487FF","#FCFFA4FF","sample","P96",113839,FALSE,2,"2 16",16,2,16,11
"GBP23021604M_ITS_P96","Species richness",31,31,0.79658454529935,31,32.5612770194279,1,23,"p02","s16","04M","#414487FF","#FCFFA4FF","sample","P96",32133,FALSE,2,"2 16",16,2,16,11
"GBP23021604M_ITS_P96","Simpson diversity",1.24051145086798,1.24052073629815,0.00478773678463098,1.23113694463281,1.24990452796348,0.999992514893229,23,"p02","s16","04M","#414487FF","#FCFFA4FF","sample","P96",32133,FALSE,2,"2 16",16,2,16,11
"GBP23021604M_ITS_P96","Shannon diversity",1.80972837380438,1.81058172186448,0.0147708404383448,1.78163140658393,1.83953203714502,0.999528688459738,23,"p02","s16","04M","#414487FF","#FCFFA4FF","sample","P96",32133,FALSE,2,"2 16",16,2,16,11
"GBP23021605M_ITS_P96","Species richness",4,4,0.14070529413629,4,4.27577730894124,1,23,"p02","s16","05M","#414487FF","#FCFFA4FF","sample","P96",25,FALSE,2,"2 16",16,2,16,11
"GBP23021605M_ITS_P96","Shannon diversity",3.94134645120279,4.1936741090547,0.255451391790072,3.69299858134552,4.69434963676387,0.939831362359059,23,"p02","s16","05M","#414487FF","#FCFFA4FF","sample","P96",25,FALSE,2,"2 16",16,2,16,11
"GBP23021605M_ITS_P96","Simpson diversity",3.88198757763975,4.41176470588235,0.418482015535644,3.59155502725476,5.23197438450995,0.87991718426501,23,"p02","s16","05M","#414487FF","#FCFFA4FF","sample","P96",25,FALSE,2,"2 16",16,2,16,11
"GBP23030101M_ITS_P96","Shannon diversity",5.82638686349801,5.82912999134499,0.0338874901716754,5.76271173108205,5.89554825160793,0.99952941041784,23,"p03","s01","01M","#2A788EFF","#000004FF","sample","P96",121417,FALSE,3,"3 1",1,3,1,20
"GBP23030101M_ITS_P96","Simpson diversity",2.34131436591288,2.34134143453874,0.0102542582683739,2.32124345764455,2.36143941143292,0.999988438838753,23,"p03","s01","01M","#2A788EFF","#000004FF","sample","P96",121417,FALSE,3,"3 1",1,3,1,20
"GBP23030101M_ITS_P96","Species richness",109,109,1.38949782568318,109,111.723365694936,1,23,"p03","s01","01M","#2A788EFF","#000004FF","sample","P96",121417,FALSE,3,"3 1",1,3,1,20
"GBP23030102M_ITS_P96","Species richness",5,5,0,5,5,1,23,"p03","s01","02M","#2A788EFF","#000004FF","sample","P96",346,FALSE,3,"3 1",1,3,1,20
"GBP23030102M_ITS_P96","Shannon diversity",4.40388100609896,4.42950643741707,0.113264399199027,4.20751229425641,4.65150058057773,0.994214833711121,23,"p03","s01","02M","#2A788EFF","#000004FF","sample","P96",346,FALSE,3,"3 1",1,3,1,20
"GBP23030102M_ITS_P96","Simpson diversity",3.93621358584862,3.97000133031795,0.183649836746617,3.61005426452792,4.32994839610798,0.991489235983046,23,"p03","s01","02M","#2A788EFF","#000004FF","sample","P96",346,FALSE,3,"3 1",1,3,1,20
"GBP23030201M_ITS_P96","Shannon diversity",6.41674192714162,6.423603845482,0.0580362726617299,6.30985484126807,6.53735284969594,0.998931765017668,23,"p03","s02","01M","#2A788EFF","#0C0826FF","sample","P96",17897,FALSE,3,"3 2",2,3,2,13
"GBP23030201M_ITS_P96","Simpson diversity",4.37764589093827,4.37849005949573,0.0335912703835411,4.31265237934904,4.44432773964241,0.999807200988015,23,"p03","s02","01M","#2A788EFF","#0C0826FF","sample","P96",17897,FALSE,3,"3 2",2,3,2,13
"GBP23030201M_ITS_P96","Species richness",38,38,0.678003523880356,38,39.3288624881967,1,23,"p03","s02","01M","#2A788EFF","#0C0826FF","sample","P96",17897,FALSE,3,"3 2",2,3,2,13
"GBP23030501M_ITS_P96","Species richness",77,77,0.818588561557061,77,78.6044040988083,1,23,"p03","s05","01M","#2A788EFF","#5D126EFF","sample","P96",54761,FALSE,3,"3 5",5,3,5,13
"GBP23030501M_ITS_P96","Shannon diversity",5.47343567234328,5.47734567878805,0.039406028577028,5.40011128200332,5.55458007557279,0.999286149409938,23,"p03","s05","01M","#2A788EFF","#5D126EFF","sample","P96",54761,FALSE,3,"3 5",5,3,5,13
"GBP23030501M_ITS_P96","Simpson diversity",2.53388233665588,2.53395468803314,0.0149382799032401,2.50467619743181,2.56323317863447,0.999971447248995,23,"p03","s05","01M","#2A788EFF","#5D126EFF","sample","P96",54761,FALSE,3,"3 5",5,3,5,13
"GBP23031301M_ITS_P96","Species richness",11,11,0.0999999999999998,11,11.195996398454,1,23,"p03","s13","01M","#2A788EFF","#FCA50AFF","sample","P96",3876,FALSE,3,"3 13",13,3,13,21
"GBP23031301M_ITS_P96","Shannon diversity",3.80712256575277,3.81212548503344,0.072133515605996,3.67074639236743,3.95350457769945,0.998687629958585,23,"p03","s13","01M","#2A788EFF","#FCA50AFF","sample","P96",3876,FALSE,3,"3 13",13,3,13,21
"GBP23031301M_ITS_P96","Simpson diversity",2.90058737209019,2.90202408746765,0.0490899763891213,2.80580950174305,2.99823867319225,0.999504926446453,23,"p03","s13","01M","#2A788EFF","#FCA50AFF","sample","P96",3876,FALSE,3,"3 13",13,3,13,21
"GBP23031401M_ITS_P96","Shannon diversity",7.31467065973063,7.37649123156596,0.261119384727818,6.86470664183418,7.88827582129774,0.991619244177938,23,"p03","s14","01M","#2A788EFF","#FAC62DFF","sample","P96",605,FALSE,3,"3 14",14,3,14,21
"GBP23031401M_ITS_P96","Species richness",11,11,0.348994876563048,11,11.6840173888526,1,23,"p03","s14","01M","#2A788EFF","#FAC62DFF","sample","P96",605,FALSE,3,"3 14",14,3,14,21
"GBP23031401M_ITS_P96","Simpson diversity",6.02810059848472,6.07887333377991,0.306051944217791,5.47902254571458,6.67872412184524,0.99164767342444,23,"p03","s14","01M","#2A788EFF","#FAC62DFF","sample","P96",605,FALSE,3,"3 14",14,3,14,21
"GBP23031402M_ITS_P96","Simpson diversity",4.75895660655612,4.75945380190705,0.0284951704549773,4.70360429408197,4.81530330973214,0.999895535208109,23,"p03","s14","02M","#2A788EFF","#FAC62DFF","sample","P96",38317,FALSE,3,"3 14",14,3,14,21
"GBP23031402M_ITS_P96","Species richness",34,34,1.64727578233392,34,37.2286012059795,1,23,"p03","s14","02M","#2A788EFF","#FAC62DFF","sample","P96",38317,FALSE,3,"3 14",14,3,14,21
"GBP23031402M_ITS_P96","Shannon diversity",6.82540669340357,6.8285818074411,0.0385223562835931,6.75307937652564,6.90408423835656,0.99953502584767,23,"p03","s14","02M","#2A788EFF","#FAC62DFF","sample","P96",38317,FALSE,3,"3 14",14,3,14,21
"GBP23031403M_ITS_P48","Simpson diversity",13.6563045269387,13.6805647754883,0.27880897544167,13.1341092250562,14.2270203259205,0.998226663230078,23,"p03","s14","03M","#2A788EFF","#FAC62DFF","sample","P48",7190,FALSE,3,"3 14",14,3,14,21
"GBP23031403M_ITS_P48","Shannon diversity",19.9378452039272,19.995826989511,0.235397549431194,19.5344562705769,20.4571977084452,0.99710030569807,23,"p03","s14","03M","#2A788EFF","#FAC62DFF","sample","P48",7190,FALSE,3,"3 14",14,3,14,21
"GBP23031403M_ITS_P48","Species richness",42,42,0.751970910376992,42,43.4738359017607,1,23,"p03","s14","03M","#2A788EFF","#FAC62DFF","sample","P48",7190,FALSE,3,"3 14",14,3,14,21
"GBP23031404M_ITS_P96","Shannon diversity",4.98333815579839,4.99404314647249,0.086746067400987,4.82402397856607,5.16406231437891,0.997856448100241,23,"p03","s14","04M","#2A788EFF","#FAC62DFF","sample","P96",2668,FALSE,3,"3 14",14,3,14,21
"GBP23031404M_ITS_P96","Simpson diversity",3.82076010221511,3.82488279108509,0.08828345904939,3.65185039091767,3.99791519125251,0.998922139815737,23,"p03","s14","04M","#2A788EFF","#FAC62DFF","sample","P96",2668,FALSE,3,"3 14",14,3,14,21
"GBP23031404M_ITS_P96","Species richness",12,12,0.635076359681488,12,13.2447267924085,1,23,"p03","s14","04M","#2A788EFF","#FAC62DFF","sample","P96",2668,FALSE,3,"3 14",14,3,14,21
"GBP23031405M_ITS_P48","Species richness",32,32,0.721512072130581,32,33.4141376757868,1,23,"p03","s14","05M","#2A788EFF","#FAC62DFF","sample","P48",2524,FALSE,3,"3 14",14,3,14,21
"GBP23031405M_ITS_P48","Simpson diversity",10.1797649466939,10.2181132204316,0.284393771237236,9.66071167137906,10.7755147694841,0.996247029866439,23,"p03","s14","05M","#2A788EFF","#FAC62DFF","sample","P48",2524,FALSE,3,"3 14",14,3,14,21
"GBP23031405M_ITS_P48","Shannon diversity",14.9252423673012,15.0213986427347,0.305853757150193,14.4219362941841,15.6208609912853,0.993598713560536,23,"p03","s14","05M","#2A788EFF","#FAC62DFF","sample","P48",2524,FALSE,3,"3 14",14,3,14,21
"GBP23031601M_ITS_P96","Species richness",8,8,0.392921416940488,8,8.7701118259578,1,23,"p03","s16","01M","#2A788EFF","#FCFFA4FF","sample","P96",1009,FALSE,3,"3 16",16,3,16,25
"GBP23031601M_ITS_P96","Shannon diversity",5.23812433225735,5.25683188927578,0.115831998553842,5.02980534385296,5.48385843469861,0.996441286803065,23,"p03","s16","01M","#2A788EFF","#FCFFA4FF","sample","P96",1009,FALSE,3,"3 16",16,3,16,25
"GBP23031601M_ITS_P96","Simpson diversity",4.43924950959242,4.45460069522013,0.152467717209302,4.15576946068486,4.75343192975541,0.996553858206822,23,"p03","s16","01M","#2A788EFF","#FCFFA4FF","sample","P96",1009,FALSE,3,"3 16",16,3,16,25
"GBP23040101M_ITS_P96","Species richness",7,7,0.256432399976243,7,7.50259826842261,1,23,"p04","s01","01M","#22A884FF","#000004FF","sample","P96",326,FALSE,4,"4 1",1,4,1,34
"GBP23040101M_ITS_P96","Shannon diversity",4.35754053314876,4.3991830769758,0.190921099621357,4.02498459782916,4.77338155612244,0.990534028000564,23,"p04","s01","01M","#22A884FF","#000004FF","sample","P96",326,FALSE,4,"4 1",1,4,1,34
"GBP23040101M_ITS_P96","Simpson diversity",3.51591769884328,3.54377975574415,0.202772007584289,3.14635392380606,3.94120558768224,0.992137757191116,23,"p04","s01","01M","#22A884FF","#000004FF","sample","P96",326,FALSE,4,"4 1",1,4,1,34
"GBP23040201M_ITS_P96","Shannon diversity",4.49623210608487,4.49859772790575,0.0404431214472116,4.41933066644683,4.57786478936466,0.999474142396375,23,"p04","s02","01M","#22A884FF","#0C0826FF","sample","P96",11766,FALSE,4,"4 2",2,4,2,22
"GBP23040201M_ITS_P96","Simpson diversity",3.53558989259339,3.53637418321136,0.0270189150936839,3.48341808272639,3.58933028369633,0.999778221823445,23,"p04","s02","01M","#22A884FF","#0C0826FF","sample","P96",11766,FALSE,4,"4 2",2,4,2,22
"GBP23040201M_ITS_P96","Species richness",13,13,0,13,13,1,23,"p04","s02","01M","#22A884FF","#0C0826FF","sample","P96",11766,FALSE,4,"4 2",2,4,2,22
"GBP23040202M_ITS_P96","Species richness",163,163,0.868752313927746,163,164.702723246784,1,23,"p04","s02","02M","#22A884FF","#0C0826FF","sample","P96",137792,FALSE,4,"4 2",2,4,2,22
"GBP23040202M_ITS_P96","Shannon diversity",17.7561233872742,17.7682084993289,0.0839029340821598,17.6037617703307,17.9326552283272,0.999319846339311,23,"p04","s02","02M","#22A884FF","#0C0826FF","sample","P96",137792,FALSE,4,"4 2",2,4,2,22
"GBP23040202M_ITS_P96","Simpson diversity",9.34660264804324,9.34725189822593,0.0368649944481924,9.2749978368172,9.41950595963465,0.999930541062789,23,"p04","s02","02M","#22A884FF","#0C0826FF","sample","P96",137792,FALSE,4,"4 2",2,4,2,22
"GBP23040203M_ITS_P96","Species richness",65,65,1.27023790621888,65,67.4896205479866,1,23,"p04","s02","03M","#22A884FF","#0C0826FF","sample","P96",118132,FALSE,4,"4 2",2,4,2,22
"GBP23040203M_ITS_P96","Shannon diversity",5.28909345555361,5.29065598017956,0.0191565458167797,5.25310984031048,5.32820212004864,0.999704663347645,23,"p04","s02","03M","#22A884FF","#0C0826FF","sample","P96",118132,FALSE,4,"4 2",2,4,2,22
"GBP23040203M_ITS_P96","Simpson diversity",3.9029235724496,3.90302673359237,0.0123454159995864,3.87883016285902,3.92722330432572,0.999973568937695,23,"p04","s02","03M","#22A884FF","#0C0826FF","sample","P96",118132,FALSE,4,"4 2",2,4,2,22
"GBP23040301M_ITS_P96","Species richness",27,27,0.675368268179914,27,28.3236974819338,1,23,"p04","s03","01M","#22A884FF","#240C4FFF","sample","P96",10811,FALSE,4,"4 3",3,4,3,23
"GBP23040301M_ITS_P96","Shannon diversity",4.63325355816486,4.63889663389479,0.0698986984082289,4.50189770244844,4.77589556534115,0.998783530616159,23,"p04","s03","01M","#22A884FF","#240C4FFF","sample","P96",10811,FALSE,4,"4 3",3,4,3,23
"GBP23040301M_ITS_P96","Simpson diversity",2.56953756457743,2.5699106979149,0.0357011156684617,2.49993779699681,2.63988359883298,0.999854806885793,23,"p04","s03","01M","#22A884FF","#240C4FFF","sample","P96",10811,FALSE,4,"4 3",3,4,3,23
"GBP23040401M_ITS_P96","Shannon diversity",3.70111203151541,3.70703624284882,0.0653900591930679,3.57887408188347,3.83519840381418,0.998401900886498,23,"p04","s04","01M","#22A884FF","#420A68FF","sample","P96",1600,FALSE,4,"4 4",4,4,4,18
"GBP23040401M_ITS_P96","Species richness",6,6,0,6,6,1,23,"p04","s04","01M","#22A884FF","#420A68FF","sample","P96",1600,FALSE,4,"4 4",4,4,4,18
"GBP23040401M_ITS_P96","Simpson diversity",3.06181261691878,3.06584141903429,0.0600445204049757,2.94815632157156,3.18352651649703,0.998685906553908,23,"p04","s04","01M","#22A884FF","#420A68FF","sample","P96",1600,FALSE,4,"4 4",4,4,4,18
"GBP23040402M_ITS_P48","Species richness",5,5,0,5,5,1,23,"p04","s04","02M","#22A884FF","#420A68FF","sample","P48",682,FALSE,4,"4 4",4,4,4,18
"GBP23040402M_ITS_P48","Shannon diversity",3.44043210607404,3.45101125948996,0.104937105080723,3.24533831288985,3.65668420609008,0.996934477282033,23,"p04","s04","02M","#22A884FF","#420A68FF","sample","P48",682,FALSE,4,"4 4",4,4,4,18
"GBP23040402M_ITS_P48","Simpson diversity",2.89682356925161,2.90526272823749,0.0981783968136756,2.71283660642281,3.09768885005218,0.997095216586142,23,"p04","s04","02M","#22A884FF","#420A68FF","sample","P48",682,FALSE,4,"4 4",4,4,4,18
"GBP23040403M_ITS_P48","Species richness",2,2,0,2,2,1,23,"p04","s04","03M","#22A884FF","#420A68FF","sample","P48",89,FALSE,4,"4 4",4,4,4,18
"GBP23040403M_ITS_P48","Shannon diversity",1.99886388737211,2.01018859877044,0.0153526667579346,1.98009792485824,2.04027927268264,0.994366343831989,23,"p04","s04","03M","#22A884FF","#420A68FF","sample","P48",89,FALSE,4,"4 4",4,4,4,18
"GBP23040403M_ITS_P48","Simpson diversity",1.99773013871375,2.02063983488132,0.0299353245510437,1.96196767689576,2.07931199286688,0.988662157514617,23,"p04","s04","03M","#22A884FF","#420A68FF","sample","P48",89,FALSE,4,"4 4",4,4,4,18
"GBP23040701M_ITS_P96","Species richness",42,42,0.14070529413629,42,42.2757773089412,1,23,"p04","s07","01M","#22A884FF","#932667FF","sample","P96",10671,FALSE,4,"4 7",7,4,7,10
"GBP23040701M_ITS_P96","Shannon diversity",11.1574757228733,11.1793404309395,0.154203782242765,10.8771065714638,11.4815742904151,0.998044186219999,23,"p04","s07","01M","#22A884FF","#932667FF","sample","P96",10671,FALSE,4,"4 7",7,4,7,10
"GBP23040701M_ITS_P96","Simpson diversity",5.96313838933757,5.96594367631896,0.100372985497393,5.76921623972331,6.16267111291461,0.99952978319381,23,"p04","s07","01M","#22A884FF","#932667FF","sample","P96",10671,FALSE,4,"4 7",7,4,7,10
"GBP23040702M_ITS_P48","Simpson diversity",3.21183363700223,3.21280257411739,0.0518589530677632,3.11116089382862,3.31444425440615,0.999698413739157,23,"p04","s07","02M","#22A884FF","#932667FF","sample","P48",7522,FALSE,4,"4 7",7,4,7,10
"GBP23040702M_ITS_P48","Species richness",24,24,0.186944009960464,24,24.366403526648,1,23,"p04","s07","02M","#22A884FF","#932667FF","sample","P48",7522,FALSE,4,"4 7",7,4,7,10
"GBP23040702M_ITS_P48","Shannon diversity",5.53963433898328,5.54841160804271,0.0797863471396975,5.39203324119089,5.70478997489453,0.998418057332534,23,"p04","s07","02M","#22A884FF","#932667FF","sample","P48",7522,FALSE,4,"4 7",7,4,7,10
"GBP23041101M_ITS_P48","Shannon diversity",4.59752862648039,4.59946534140549,0.0276693407811189,4.54523442999853,4.65369625281245,0.999578926074806,23,"p04","s11","01M","#22A884FF","#ED6925FF","sample","P48",100420,FALSE,4,"4 11",11,4,11,9
"GBP23041101M_ITS_P48","Simpson diversity",2.08077405573328,2.08079698748877,0.00874163959033148,2.06366368872589,2.09793028625165,0.999988979340307,23,"p04","s11","01M","#22A884FF","#ED6925FF","sample","P48",100420,FALSE,4,"4 11",11,4,11,9
"GBP23041101M_ITS_P48","Species richness",83,83,0.411903002815402,83,83.8073150506421,1,23,"p04","s11","01M","#22A884FF","#ED6925FF","sample","P48",100420,FALSE,4,"4 11",11,4,11,9
"GBP23041102M_ITS_P48","Species richness",28,28,0.417949286817787,28,28.8191655495271,1,23,"p04","s11","02M","#22A884FF","#ED6925FF","sample","P48",3789,FALSE,4,"4 11",11,4,11,9
"GBP23041102M_ITS_P48","Shannon diversity",12.9182592507993,12.9649026412262,0.215684691760955,12.5421684133582,13.3876368690943,0.996402333922769,23,"p04","s11","02M","#22A884FF","#ED6925FF","sample","P48",3789,FALSE,4,"4 11",11,4,11,9
"GBP23041102M_ITS_P48","Simpson diversity",9.20760221728665,9.22759599695001,0.193859762362106,8.84763784466879,9.60755414923123,0.997833262350241,23,"p04","s11","02M","#22A884FF","#ED6925FF","sample","P48",3789,FALSE,4,"4 11",11,4,11,9
"GBP23041103M_ITS_P96","Species richness",20,20,0.265065200790995,20,20.5195182471052,1,23,"p04","s11","03M","#22A884FF","#ED6925FF","sample","P96",1822,FALSE,4,"4 11",11,4,11,9
"GBP23041103M_ITS_P96","Shannon diversity",11.3251965062006,11.3853129986139,0.253652814322665,10.8881626179642,11.8824633792635,0.994719820841061,23,"p04","s11","03M","#22A884FF","#ED6925FF","sample","P96",1822,FALSE,4,"4 11",11,4,11,9
"GBP23041103M_ITS_P96","Simpson diversity",8.61869612238684,8.65510729432617,0.266670516991487,8.13244268528418,9.17777190336816,0.995793099877202,23,"p04","s11","03M","#22A884FF","#ED6925FF","sample","P96",1822,FALSE,4,"4 11",11,4,11,9
"GBP23041104M_ITS_P48","Species richness",47,47,1.22934151948715,47,49.4094651028946,1,23,"p04","s11","04M","#22A884FF","#ED6925FF","sample","P48",11289,FALSE,4,"4 11",11,4,11,9
"GBP23041104M_ITS_P48","Shannon diversity",9.20587342223754,9.22514511772457,0.125265377800755,8.97962948872529,9.47066074672385,0.997910960180994,23,"p04","s11","04M","#22A884FF","#ED6925FF","sample","P48",11289,FALSE,4,"4 11",11,4,11,9
"GBP23041104M_ITS_P48","Simpson diversity",4.66849551458963,4.6700322918156,0.0702314424246468,4.53238119408099,4.80768338955021,0.999670927922989,23,"p04","s11","04M","#22A884FF","#ED6925FF","sample","P48",11289,FALSE,4,"4 11",11,4,11,9
"GBP23041105M_ITS_P96","Species richness",11,11,0.33603976412864,11,11.6586258350655,1,23,"p04","s11","05M","#22A884FF","#ED6925FF","sample","P96",475,FALSE,4,"4 11",11,4,11,9
"GBP23041105M_ITS_P96","Simpson diversity",6.73206027152021,6.81446731234865,0.374090682113733,6.08126304845372,7.54767157624359,0.987907045840677,23,"p04","s11","05M","#22A884FF","#ED6925FF","sample","P96",475,FALSE,4,"4 11",11,4,11,9
"GBP23041105M_ITS_P96","Shannon diversity",8.03398468441448,8.12007695632794,0.286227540245471,7.55908128606333,8.68107262659255,0.989397603941872,23,"p04","s11","05M","#22A884FF","#ED6925FF","sample","P96",475,FALSE,4,"4 11",11,4,11,9
"GBP23041301M_ITS_P96","Species richness",8,8,0.36869587201905,8,8.72263063040593,1,23,"p04","s13","01M","#22A884FF","#FCA50AFF","sample","P96",4148,FALSE,4,"4 13",13,4,13,37
"GBP23041301M_ITS_P96","Shannon diversity",4.13133601469328,4.13494289728395,0.0479494859995191,4.04096363164768,4.22892216292021,0.999127706795411,23,"p04","s13","01M","#22A884FF","#FCA50AFF","sample","P96",4148,FALSE,4,"4 13",13,4,13,37
"GBP23041301M_ITS_P96","Simpson diversity",3.39169686762727,3.393684784666,0.0506079072088056,3.2944951092038,3.49287446012821,0.999414230500216,23,"p04","s13","01M","#22A884FF","#FCA50AFF","sample","P96",4148,FALSE,4,"4 13",13,4,13,37
"GBP23041302M_ITS_P48","Shannon diversity",3.54869589639824,3.55202077929884,0.0494197196610944,3.45515990863703,3.64888164996065,0.999063946100772,23,"p04","s13","02M","#22A884FF","#FCA50AFF","sample","P48",7825,FALSE,4,"4 13",13,4,13,37
"GBP23041302M_ITS_P48","Simpson diversity",2.43846857661807,2.43893172204945,0.0305530513316521,2.37904884182161,2.4988146022773,0.999810103158201,23,"p04","s13","02M","#22A884FF","#FCA50AFF","sample","P48",7825,FALSE,4,"4 13",13,4,13,37
"GBP23041302M_ITS_P48","Species richness",15,15,0.396272644867973,15,15.7766801119997,1,23,"p04","s13","02M","#22A884FF","#FCA50AFF","sample","P48",7825,FALSE,4,"4 13",13,4,13,37
"GBP23041401M_ITS_P96","Species richness",110,110,1.76856401555661,110,113.466321774844,1,23,"p04","s14","01M","#22A884FF","#FAC62DFF","sample","P96",143852,FALSE,4,"4 14",14,4,14,27
"GBP23041401M_ITS_P96","Shannon diversity",8.74307165780488,8.74682773516022,0.0359626686342928,8.67634219984906,8.81731327047138,0.999570578332047,23,"p04","s14","01M","#22A884FF","#FAC62DFF","sample","P96",143852,FALSE,4,"4 14",14,4,14,27
"GBP23041401M_ITS_P96","Simpson diversity",4.5236971342914,4.52382150195745,0.0176775282749019,4.48917418320296,4.55846882071195,0.999972508272928,23,"p04","s14","01M","#22A884FF","#FAC62DFF","sample","P96",143852,FALSE,4,"4 14",14,4,14,27
"GBP23041402M_ITS_P96","Simpson diversity",3.40057439770744,3.40154800794477,0.0386356634564199,3.32582349905138,3.47727251683816,0.999713774365359,23,"p04","s14","02M","#22A884FF","#FAC62DFF","sample","P96",8515,FALSE,4,"4 14",14,4,14,27
"GBP23041402M_ITS_P96","Species richness",32,32,0.699202843636509,32,33.3704123914155,1,23,"p04","s14","02M","#22A884FF","#FAC62DFF","sample","P96",8515,FALSE,4,"4 14",14,4,14,27
"GBP23041402M_ITS_P96","Shannon diversity",5.44742531620022,5.45763781082246,0.0864427251713546,5.28821318276111,5.62706243888381,0.99812877017929,23,"p04","s14","02M","#22A884FF","#FAC62DFF","sample","P96",8515,FALSE,4,"4 14",14,4,14,27
"GBP23041403M_ITS_P96","Species richness",38,38,0.887786039665349,38,39.7400286637215,1,23,"p04","s14","03M","#22A884FF","#FAC62DFF","sample","P96",32564,FALSE,4,"4 14",14,4,14,27
"GBP23041403M_ITS_P96","Shannon diversity",7.35997870523657,7.36444936558335,0.0568432729068902,7.25303859792246,7.47586013324423,0.999392940310287,23,"p04","s14","03M","#22A884FF","#FAC62DFF","sample","P96",32564,FALSE,4,"4 14",14,4,14,27
"GBP23041403M_ITS_P96","Simpson diversity",3.99285050744361,3.99323910011691,0.0324955867044556,3.92954892051968,4.05692927971414,0.999902687351406,23,"p04","s14","03M","#22A884FF","#FAC62DFF","sample","P96",32564,FALSE,4,"4 14",14,4,14,27
"GBP23041404M_ITS_P96","Species richness",79,79,0.885800305865353,79,80.7361366969907,1,23,"p04","s14","04M","#22A884FF","#FAC62DFF","sample","P96",43268,FALSE,4,"4 14",14,4,14,27
"GBP23041404M_ITS_P96","Shannon diversity",11.5365513674207,11.5474413870828,0.0801469185951648,11.3903563131644,11.7045264610012,0.999056932241782,23,"p04","s14","04M","#22A884FF","#FAC62DFF","sample","P96",43268,FALSE,4,"4 14",14,4,14,27
"GBP23041404M_ITS_P96","Simpson diversity",6.31095693841218,6.31176104249735,0.041622476349384,6.23018248790519,6.39333959708951,0.999872602261119,23,"p04","s14","04M","#22A884FF","#FAC62DFF","sample","P96",43268,FALSE,4,"4 14",14,4,14,27
"GBP23041405M_ITS_P96","Species richness",6,6,0.325656651576467,6,6.63827530841578,1,23,"p04","s14","05M","#22A884FF","#FAC62DFF","sample","P96",1457,FALSE,4,"4 14",14,4,14,27
"GBP23041405M_ITS_P96","Shannon diversity",2.67252297904861,2.67724377708316,0.0537912069192848,2.57181494883642,2.7826726053299,0.998236694739955,23,"p04","s14","05M","#22A884FF","#FAC62DFF","sample","P96",1457,FALSE,4,"4 14",14,4,14,27
"GBP23041405M_ITS_P96","Simpson diversity",2.33457450642302,2.33672521946192,0.0348887255112576,2.26834457399336,2.40510586493049,0.999079603788671,23,"p04","s14","05M","#22A884FF","#FAC62DFF","sample","P96",1457,FALSE,4,"4 14",14,4,14,27
"GBP23041406M_ITS_P96","Simpson diversity",5.77111587047341,5.77160475651278,0.0304676591186656,5.71188924194696,5.83132027107861,0.999915294608693,23,"p04","s14","06M","#22A884FF","#FAC62DFF","sample","P96",61224,FALSE,4,"4 14",14,4,14,27
"GBP23041406M_ITS_P96","Species richness",85,85,0.783900935278196,85,86.5364176005925,1,23,"p04","s14","06M","#22A884FF","#FAC62DFF","sample","P96",61224,FALSE,4,"4 14",14,4,14,27
"GBP23041406M_ITS_P96","Shannon diversity",10.9209249819216,10.9291362692891,0.0668201024462715,10.7981712750512,11.0601012635271,0.999248679203439,23,"p04","s14","06M","#22A884FF","#FAC62DFF","sample","P96",61224,FALSE,4,"4 14",14,4,14,27
"GBP23050301M_ITS_P96","Shannon diversity",7.76500190633602,7.77609522198932,0.111104294205836,7.55833480681814,7.9938556371605,0.998573407946199,23,"p05","s03","01M","#7AD151FF","#240C4FFF","sample","P96",7202,FALSE,5,"5 3",3,5,3,23
"GBP23050301M_ITS_P96","Simpson diversity",5.09411265719936,5.09706887964092,0.0827335956327817,4.93491401188917,5.25922374739267,0.999420015206511,23,"p05","s03","01M","#7AD151FF","#240C4FFF","sample","P96",7202,FALSE,5,"5 3",3,5,3,23
"GBP23050301M_ITS_P96","Species richness",21,21,0.21720333573516,21,21.4257107153629,1,23,"p05","s03","01M","#7AD151FF","#240C4FFF","sample","P96",7202,FALSE,5,"5 3",3,5,3,23
"GBP23050401M_ITS_P48","Species richness",42,42,0.365008732053044,42,42.7154039688666,1,23,"p05","s04","01M","#7AD151FF","#420A68FF","sample","P48",51830,FALSE,5,"5 4",4,5,4,19
"GBP23050401M_ITS_P48","Shannon diversity",5.62734350794488,5.62975162352702,0.0335959415565257,5.56390478804952,5.69559845900452,0.999572251896144,23,"p05","s04","01M","#7AD151FF","#420A68FF","sample","P48",51830,FALSE,5,"5 4",4,5,4,19
"GBP23050401M_ITS_P48","Simpson diversity",3.67389652746761,3.6740997832017,0.0177911751743003,3.63922972061743,3.70896984578597,0.999944678765933,23,"p05","s04","01M","#7AD151FF","#420A68FF","sample","P48",51830,FALSE,5,"5 4",4,5,4,19
"GBP23050402M_ITS_P48","Shannon diversity",9.13627712639906,9.18967603078836,0.222198879401677,8.75417422975592,9.62517783182081,0.994189250610097,23,"p05","s04","02M","#7AD151FF","#420A68FF","sample","P48",1476,FALSE,5,"5 4",4,5,4,19
"GBP23050402M_ITS_P48","Simpson diversity",6.72449811097118,6.7506976744186,0.204985441407968,6.34893359190394,7.15246175693326,0.996118984331546,23,"p05","s04","02M","#7AD151FF","#420A68FF","sample","P48",1476,FALSE,5,"5 4",4,5,4,19
"GBP23050402M_ITS_P48","Species richness",18,18,0.179352673277116,18,18.3515247801541,1,23,"p05","s04","02M","#7AD151FF","#420A68FF","sample","P48",1476,FALSE,5,"5 4",4,5,4,19
"GBP23050501M_ITS_P96","Species richness",11,11,0.140705294136289,11,11.2757773089412,1,23,"p05","s05","01M","#7AD151FF","#5D126EFF","sample","P96",529,FALSE,5,"5 5",5,5,5,15
"GBP23050501M_ITS_P96","Shannon diversity",4.78927406636947,4.83544873596676,0.233478196020487,4.37783988059122,5.2930575913423,0.990450799477237,23,"p05","s05","01M","#7AD151FF","#5D126EFF","sample","P96",529,FALSE,5,"5 5",5,5,5,15
"GBP23050501M_ITS_P96","Simpson diversity",2.93799409967559,2.94881756756757,0.170449420011389,2.6147428431595,3.28289229197563,0.996329556629402,23,"p05","s05","01M","#7AD151FF","#5D126EFF","sample","P96",529,FALSE,5,"5 5",5,5,5,15
"GBP23050502M_ITS_P48","Species richness",5,5,0.218943146260768,5,5.42912068133299,1,23,"p05","s05","02M","#7AD151FF","#5D126EFF","sample","P48",1930,FALSE,5,"5 5",5,5,5,15
"GBP23050502M_ITS_P48","Shannon diversity",2.15852514616284,2.16081275169344,0.0277022880994398,2.10651726472918,2.21510823865769,0.998941321718501,23,"p05","s05","02M","#7AD151FF","#5D126EFF","sample","P48",1930,FALSE,5,"5 5",5,5,5,15
"GBP23050502M_ITS_P48","Simpson diversity",1.99944819116204,2.00048467679795,0.0201496047934127,1.96099217710015,2.03997717649576,0.999481882741751,23,"p05","s05","02M","#7AD151FF","#5D126EFF","sample","P48",1930,FALSE,5,"5 5",5,5,5,15
"GBP23050701M_ITS_P48","Shannon diversity",5.49798239446948,5.5042342076642,0.0639497274446165,5.3788950450516,5.6295733702768,0.998864181108788,23,"p05","s07","01M","#7AD151FF","#932667FF","sample","P48",15326,FALSE,5,"5 7",7,5,7,10
"GBP23050701M_ITS_P48","Simpson diversity",2.76343266510002,2.76375366183886,0.0288337273091209,2.70724059477293,2.82026672890478,0.999883854793839,23,"p05","s07","01M","#7AD151FF","#932667FF","sample","P48",15326,FALSE,5,"5 7",7,5,7,10
"GBP23050701M_ITS_P48","Species richness",35,35,1.34798469970615,35,37.6420014631351,1,23,"p05","s07","01M","#7AD151FF","#932667FF","sample","P48",15326,FALSE,5,"5 7",7,5,7,10
"GBP23050702M_ITS_P96","Species richness",81,81,0.76930997789541,81,82.5078198496223,1,23,"p05","s07","02M","#7AD151FF","#932667FF","sample","P96",66996,FALSE,5,"5 7",7,5,7,10
"GBP23050702M_ITS_P96","Simpson diversity",3.06429848957404,3.06439456832676,0.0177833523880877,3.02953983812173,3.0992492985318,0.999968646742256,23,"p05","s07","02M","#7AD151FF","#932667FF","sample","P96",66996,FALSE,5,"5 7",7,5,7,10
"GBP23050702M_ITS_P96","Shannon diversity",6.70123105548846,6.70534257093428,0.0436582143977544,6.61977404308535,6.79091109878321,0.999386829919229,23,"p05","s07","02M","#7AD151FF","#932667FF","sample","P96",66996,FALSE,5,"5 7",7,5,7,10
"GBP23051501M_ITS_P96","Species richness",10,10,0,10,10,1,23,"p05","s15","01M","#7AD151FF","#F2E661FF","sample","P96",937,FALSE,5,"5 15",15,5,15,28
"GBP23051501M_ITS_P96","Shannon diversity",4.88688216389316,4.91060917664122,0.163181206513001,4.59077988892195,5.2304384643605,0.995168213984342,23,"p05","s15","01M","#7AD151FF","#F2E661FF","sample","P96",937,FALSE,5,"5 15",15,5,15,28
"GBP23051501M_ITS_P96","Simpson diversity",3.57570956719354,3.58557645134914,0.129653360341161,3.33146053460587,3.83969236809241,0.997248173539322,23,"p05","s15","01M","#7AD151FF","#F2E661FF","sample","P96",937,FALSE,5,"5 15",15,5,15,28
"GBP23051601M_ITS_P96","Simpson diversity",7.91452595023093,7.93177263189587,0.208855840417447,7.52242270671683,8.34112255707491,0.997825620770371,23,"p05","s16","01M","#7AD151FF","#FCFFA4FF","sample","P96",3181,FALSE,5,"5 16",16,5,16,18
"GBP23051601M_ITS_P96","Species richness",37,37,1.52741181360902,37,39.9936721442347,1,23,"p05","s16","01M","#7AD151FF","#FCFFA4FF","sample","P96",3181,FALSE,5,"5 16",16,5,16,18
"GBP23051601M_ITS_P96","Shannon diversity",12.9384203222623,13.0132477582471,0.271405861838034,12.4813020438515,13.5451934726427,0.99424990306994,23,"p05","s16","01M","#7AD151FF","#FCFFA4FF","sample","P96",3181,FALSE,5,"5 16",16,5,16,18
"GBP23051602M_ITS_P96","Species richness",34,34,0.427391421243665,34,34.837671792939,1,23,"p05","s16","02M","#7AD151FF","#FCFFA4FF","sample","P96",6786,FALSE,5,"5 16",16,5,16,18
"GBP23051602M_ITS_P96","Shannon diversity",8.30634737895554,8.32699386916711,0.132090362775068,8.06810151542314,8.58588622291107,0.997520534957036,23,"p05","s16","02M","#7AD151FF","#FCFFA4FF","sample","P96",6786,FALSE,5,"5 16",16,5,16,18
"GBP23051602M_ITS_P96","Simpson diversity",5.40653101507596,5.41007383840228,0.0966563730601125,5.22063082832819,5.59951684847636,0.999345143258274,23,"p05","s16","02M","#7AD151FF","#FCFFA4FF","sample","P96",6786,FALSE,5,"5 16",16,5,16,18
"GBP23051603M_ITS_P96","Shannon diversity",4.28943968999832,4.35156900014547,0.309705795880695,3.74455679441599,4.95858120587495,0.985722549695278,23,"p05","s16","03M","#7AD151FF","#FCFFA4FF","sample","P96",324,FALSE,5,"5 16",16,5,16,18
"GBP23051603M_ITS_P96","Species richness",10,10,0.63876460288473,10,11.2519556162531,1,23,"p05","s16","03M","#7AD151FF","#FCFFA4FF","sample","P96",324,FALSE,5,"5 16",16,5,16,18
"GBP23051603M_ITS_P96","Simpson diversity",2.64304714615053,2.65660280970626,0.221591379550818,2.22229168650211,3.09091393291041,0.994897369111334,23,"p05","s16","03M","#7AD151FF","#FCFFA4FF","sample","P96",324,FALSE,5,"5 16",16,5,16,18
"GBP23060101M_ITS_P96","Simpson diversity",4.94894769743697,4.96962714704649,0.161999355672661,4.65211424440938,5.2871400496836,0.995838832774041,23,"p06","s01","01M","#FDE725FF","#000004FF","sample","P96",955,FALSE,6,"6 1",1,6,1,37
"GBP23060101M_ITS_P96","Species richness",12,12,0.394277244403663,12,12.7727691989549,1,23,"p06","s01","01M","#FDE725FF","#000004FF","sample","P96",955,FALSE,6,"6 1",1,6,1,37
"GBP23060101M_ITS_P96","Shannon diversity",6.64057094969956,6.67963653498366,0.175817597119708,6.33504037678066,7.02423269318666,0.994151540270267,23,"p06","s01","01M","#FDE725FF","#000004FF","sample","P96",955,FALSE,6,"6 1",1,6,1,37
"GBP23060102M_ITS_P96","Simpson diversity",11.7097805493039,11.7169597968656,0.13203294978287,11.4581799705186,11.9757396232126,0.999387277272763,23,"p06","s01","02M","#FDE725FF","#000004FF","sample","P96",17865,FALSE,6,"6 1",1,6,1,37
"GBP23060102M_ITS_P96","Species richness",68,68,0.97890992172306,68,69.9186281906861,1,23,"p06","s01","02M","#FDE725FF","#000004FF","sample","P96",17865,FALSE,6,"6 1",1,6,1,37
"GBP23060102M_ITS_P96","Shannon diversity",20.0168155029553,20.0555866045874,0.211673257382975,19.6407146436265,20.4704585655484,0.998066817869927,23,"p06","s01","02M","#FDE725FF","#000004FF","sample","P96",17865,FALSE,6,"6 1",1,6,1,37
"GBP23060103M_ITS_P48","Shannon diversity",7.59384987908072,7.66890236660252,0.262317266742233,7.15476997126476,8.18303476194028,0.990213399006271,23,"p06","s01","03M","#FDE725FF","#000004FF","sample","P48",568,FALSE,6,"6 1",1,6,1,37
"GBP23060103M_ITS_P48","Simpson diversity",5.8603502143428,5.91101974891713,0.280965286030335,5.36033790739167,6.46170159044258,0.991427953766589,23,"p06","s01","03M","#FDE725FF","#000004FF","sample","P48",568,FALSE,6,"6 1",1,6,1,37
"GBP23060103M_ITS_P48","Species richness",12,12,0.391091925839364,12,12.7665260892896,1,23,"p06","s01","03M","#FDE725FF","#000004FF","sample","P48",568,FALSE,6,"6 1",1,6,1,37
"GBP23060104M_ITS_P48","Shannon diversity",23.0896606010376,23.1131883733835,0.147396072215441,22.8242973803786,23.4020793663884,0.998982062882635,23,"p06","s01","04M","#FDE725FF","#000004FF","sample","P48",37293,FALSE,6,"6 1",1,6,1,37
"GBP23060104M_ITS_P48","Simpson diversity",15.3321844845142,15.3381112225285,0.108655097613528,15.1251511444693,15.5510713005877,0.999613594012436,23,"p06","s01","04M","#FDE725FF","#000004FF","sample","P48",37293,FALSE,6,"6 1",1,6,1,37
"GBP23060104M_ITS_P48","Species richness",76,76,0.627609829337286,76,77.2300926618444,1,23,"p06","s01","04M","#FDE725FF","#000004FF","sample","P48",37293,FALSE,6,"6 1",1,6,1,37
"GBP23060105M_ITS_P48","Species richness",38,38,0.345637996543029,38,38.6774380249129,1,23,"p06","s01","05M","#FDE725FF","#000004FF","sample","P48",12319,FALSE,6,"6 1",1,6,1,37
"GBP23060105M_ITS_P48","Shannon diversity",6.9856558205326,6.99625636504911,0.0956806712650123,6.80872569535307,7.18378703474515,0.998484826175115,23,"p06","s01","05M","#FDE725FF","#000004FF","sample","P48",12319,FALSE,6,"6 1",1,6,1,37
"GBP23060105M_ITS_P48","Simpson diversity",3.45360977253576,3.45429945460094,0.0423323545351178,3.37132956433133,3.53726934487055,0.999800340973837,23,"p06","s01","05M","#FDE725FF","#000004FF","sample","P48",12319,FALSE,6,"6 1",1,6,1,37
"GBP23060201M_ITS_P48","Species richness",71,71,0.268222393346103,71,71.5257062308055,1,23,"p06","s02","01M","#FDE725FF","#0C0826FF","sample","P48",53843,FALSE,6,"6 2",2,6,2,19
"GBP23060201M_ITS_P48","Shannon diversity",10.9627641476485,10.970106903799,0.0760725045565682,10.8210075346544,11.1192062729437,0.999330657739713,23,"p06","s02","01M","#FDE725FF","#0C0826FF","sample","P48",53843,FALSE,6,"6 2",2,6,2,19
"GBP23060201M_ITS_P48","Simpson diversity",4.57166074859831,4.57197135538572,0.033488859206872,4.50633439745692,4.63760831331452,0.999932062831706,23,"p06","s02","01M","#FDE725FF","#0C0826FF","sample","P48",53843,FALSE,6,"6 2",2,6,2,19
"GBP23060202M_ITS_P48","Species richness",12,12,0,12,12,1,23,"p06","s02","02M","#FDE725FF","#0C0826FF","sample","P48",826,FALSE,6,"6 2",2,6,2,19
"GBP23060202M_ITS_P48","Shannon diversity",6.75449798093849,6.801160096525,0.253368607879164,6.30456675026879,7.29775344278121,0.993139094665577,23,"p06","s02","02M","#FDE725FF","#0C0826FF","sample","P48",826,FALSE,6,"6 2",2,6,2,19
"GBP23060202M_ITS_P48","Simpson diversity",4.67547131694576,4.69694330749804,0.227986678595201,4.25009762849654,5.14378898649955,0.995428518262504,23,"p06","s02","02M","#FDE725FF","#0C0826FF","sample","P48",826,FALSE,6,"6 2",2,6,2,19
"GBP23060203M_ITS_P96","Species richness",111,111,0.112253897747432,111,111.220013596709,1,23,"p06","s02","03M","#FDE725FF","#0C0826FF","sample","P96",71235,FALSE,6,"6 2",2,6,2,19
"GBP23060203M_ITS_P96","Simpson diversity",4.99125107861933,4.99153440224043,0.0284855100908692,4.93570382838107,5.04736497609978,0.999943239172914,23,"p06","s02","03M","#FDE725FF","#0C0826FF","sample","P96",71235,FALSE,6,"6 2",2,6,2,19
"GBP23060203M_ITS_P96","Shannon diversity",10.4171787687527,10.4253647624663,0.075239079976081,10.2778988754833,10.5728306494493,0.999214800258781,23,"p06","s02","03M","#FDE725FF","#0C0826FF","sample","P96",71235,FALSE,6,"6 2",2,6,2,19
"GBP23060204M_ITS_P48","Species richness",24,24,0.123087512196319,24,24.2412470908514,1,23,"p06","s02","04M","#FDE725FF","#0C0826FF","sample","P48",10384,FALSE,6,"6 2",2,6,2,19
"GBP23060204M_ITS_P48","Shannon diversity",9.34490743851757,9.35542080373535,0.0706198309175859,9.21700847854257,9.49383312892813,0.998876227436655,23,"p06","s02","04M","#FDE725FF","#0C0826FF","sample","P48",10384,FALSE,6,"6 2",2,6,2,19
"GBP23060204M_ITS_P48","Simpson diversity",7.09404358976377,7.0982388159062,0.063827610289035,6.97313899852043,7.22333863329197,0.999408976472724,23,"p06","s02","04M","#FDE725FF","#0C0826FF","sample","P48",10384,FALSE,6,"6 2",2,6,2,19
"GBP23060205M_ITS_P48","Shannon diversity",15.5593902234571,15.5787037760713,0.148027197750131,15.2885757997487,15.868831752394,0.998760259332751,23,"p06","s02","05M","#FDE725FF","#0C0826FF","sample","P48",23607,FALSE,6,"6 2",2,6,2,19
"GBP23060205M_ITS_P48","Simpson diversity",7.31007067347479,7.3120696196696,0.0841251176861231,7.14718741880961,7.4769518205296,0.999726623746931,23,"p06","s02","05M","#FDE725FF","#0C0826FF","sample","P48",23607,FALSE,6,"6 2",2,6,2,19
"GBP23060205M_ITS_P48","Species richness",58,58,0.397360582687876,58,58.7788124309441,1,23,"p06","s02","05M","#FDE725FF","#0C0826FF","sample","P48",23607,FALSE,6,"6 2",2,6,2,19
"GBP23060301M_ITS_P48","Species richness",198,198,0.389726863042918,198,198.763850615372,1,23,"p06","s03","01M","#FDE725FF","#240C4FFF","sample","P48",191964,FALSE,6,"6 3",3,6,3,25
"GBP23060301M_ITS_P48","Shannon diversity",28.2549769625156,28.269845010176,0.130685467561237,28.0137062004532,28.5259838198988,0.999474066884517,23,"p06","s03","01M","#FDE725FF","#240C4FFF","sample","P48",191964,FALSE,6,"6 3",3,6,3,25
"GBP23060301M_ITS_P48","Simpson diversity",10.4886163905892,10.4891465224602,0.0520417403148993,10.3871465857502,10.5911464591702,0.999949459007945,23,"p06","s03","01M","#FDE725FF","#240C4FFF","sample","P48",191964,FALSE,6,"6 3",3,6,3,25
"GBP23060302M_ITS_P48","Simpson diversity",8.39339801004085,8.39406801647279,0.0405007936783899,8.31468791951785,8.47344811342772,0.999920180962244,23,"p06","s03","02M","#FDE725FF","#240C4FFF","sample","P48",93785,FALSE,6,"6 3",3,6,3,25
"GBP23060302M_ITS_P48","Species richness",152,152,0.664286293856938,152,153.301977211383,1,23,"p06","s03","02M","#FDE725FF","#240C4FFF","sample","P48",93785,FALSE,6,"6 3",3,6,3,25
"GBP23060302M_ITS_P48","Shannon diversity",18.9632796604697,18.9788070013796,0.110679260079515,18.7618796377882,19.195734364971,0.999181858959374,23,"p06","s03","02M","#FDE725FF","#240C4FFF","sample","P48",93785,FALSE,6,"6 3",3,6,3,25
"GBP23060303M_ITS_P96","Species richness",21,21,0.311714473124647,21,21.6109491407842,1,23,"p06","s03","03M","#FDE725FF","#240C4FFF","sample","P96",2554,FALSE,6,"6 3",3,6,3,25
"GBP23060303M_ITS_P96","Shannon diversity",7.20079173264372,7.23008575927752,0.168330652553522,6.90016374277849,7.56000777577655,0.995948315468289,23,"p06","s03","03M","#FDE725FF","#240C4FFF","sample","P96",2554,FALSE,6,"6 3",3,6,3,25
"GBP23060303M_ITS_P96","Simpson diversity",5.12160299177017,5.1300674037635,0.108871392656656,4.91668339520973,5.34345141231726,0.99835003883436,23,"p06","s03","03M","#FDE725FF","#240C4FFF","sample","P96",2554,FALSE,6,"6 3",3,6,3,25
"GBP23060304M_ITS_P96","Species richness",26,26,0.100000000000001,26,26.195996398454,1,23,"p06","s03","04M","#FDE725FF","#240C4FFF","sample","P96",1486,FALSE,6,"6 3",3,6,3,25
"GBP23060304M_ITS_P96","Shannon diversity",15.0745483399041,15.2029050616987,0.41303814353543,14.393365176128,16.0124449472694,0.991557092458735,23,"p06","s03","04M","#FDE725FF","#240C4FFF","sample","P96",1486,FALSE,6,"6 3",3,6,3,25
"GBP23060304M_ITS_P96","Simpson diversity",9.91289279942539,9.97274871878301,0.449201977200135,9.09232902168656,10.8531684158795,0.993998051986923,23,"p06","s03","04M","#FDE725FF","#240C4FFF","sample","P96",1486,FALSE,6,"6 3",3,6,3,25
"GBP23060305M_ITS_P48","Species richness",91,91,0.308914543722987,91,91.6054613799977,1,23,"p06","s03","05M","#FDE725FF","#240C4FFF","sample","P48",35867,FALSE,6,"6 3",3,6,3,25
"GBP23060305M_ITS_P48","Shannon diversity",13.2678807333584,13.2852059669239,0.120025271314916,13.049960757912,13.5204511759357,0.998695900266165,23,"p06","s03","05M","#FDE725FF","#240C4FFF","sample","P48",35867,FALSE,6,"6 3",3,6,3,25
"GBP23060305M_ITS_P48","Simpson diversity",6.55212882583557,6.5531761812107,0.0651474847773415,6.42548945736373,6.68086290505766,0.999840175916813,23,"p06","s03","05M","#FDE725FF","#240C4FFF","sample","P48",35867,FALSE,6,"6 3",3,6,3,25
"GBP23060401M_ITS_P96","Simpson diversity",2.45924124513619,2.4649056419521,0.124368659831996,2.22114754787587,2.70866373602832,0.997701982291125,23,"p06","s04","01M","#FDE725FF","#420A68FF","sample","P96",636,FALSE,6,"6 4",4,6,4,19
"GBP23060401M_ITS_P96","Species richness",7,7,0.272659924344291,7,7.53440363174223,1,23,"p06","s04","01M","#FDE725FF","#420A68FF","sample","P96",636,FALSE,6,"6 4",4,6,4,19
"GBP23060401M_ITS_P96","Shannon diversity",3.4519191903279,3.4685432031138,0.134199847207896,3.20551633585555,3.73157007037206,0.995207206076896,23,"p06","s04","01M","#FDE725FF","#420A68FF","sample","P96",636,FALSE,6,"6 4",4,6,4,19
"GBP23060402M_ITS_P96","Shannon diversity",15.3707923984014,15.4393297564818,0.329719424282967,14.7930915598839,16.0855679530797,0.995560859236679,23,"p06","s04","02M","#FDE725FF","#420A68FF","sample","P96",4491,FALSE,6,"6 4",4,6,4,19
"GBP23060402M_ITS_P96","Simpson diversity",7.73809412819364,7.749946117851,0.212050299274473,7.33433516836209,8.1655570673399,0.998470700379444,23,"p06","s04","02M","#FDE725FF","#420A68FF","sample","P96",4491,FALSE,6,"6 4",4,6,4,19
"GBP23060402M_ITS_P96","Species richness",40,40,0,40,40,1,23,"p06","s04","02M","#FDE725FF","#420A68FF","sample","P96",4491,FALSE,6,"6 4",4,6,4,19
"GBP23060403M_ITS_P48","Species richness",36,36,0.380489473082777,36,36.7457456637389,1,23,"p06","s04","03M","#FDE725FF","#420A68FF","sample","P48",5110,FALSE,6,"6 4",4,6,4,19
"GBP23060403M_ITS_P48","Shannon diversity",10.1507662045645,10.1860233119847,0.204083941219929,9.78602613737061,10.5860204865987,0.996538677917741,23,"p06","s04","03M","#FDE725FF","#420A68FF","sample","P48",5110,FALSE,6,"6 4",4,6,4,19
"GBP23060403M_ITS_P48","Simpson diversity",5.40935552454973,5.41404006683366,0.108845560459399,5.20070668845616,5.62737344521115,0.999134741851538,23,"p06","s04","03M","#FDE725FF","#420A68FF","sample","P48",5110,FALSE,6,"6 4",4,6,4,19
"GBP23060404M_ITS_P96","Shannon diversity",6.7540757787598,6.76065865030273,0.0710901977790772,6.62132442300191,6.89999287760355,0.999026297305716,23,"p06","s04","04M","#FDE725FF","#420A68FF","sample","P96",27959,FALSE,6,"6 4",4,6,4,19
"GBP23060404M_ITS_P96","Simpson diversity",3.29484505458436,3.29511582409964,0.0279507028629237,3.24033345314573,3.34989819505355,0.999917827011332,23,"p06","s04","04M","#FDE725FF","#420A68FF","sample","P96",27959,FALSE,6,"6 4",4,6,4,19
"GBP23060404M_ITS_P96","Species richness",55,55,0.574803663711085,55,56.1265944790554,1,23,"p06","s04","04M","#FDE725FF","#420A68FF","sample","P96",27959,FALSE,6,"6 4",4,6,4,19
"GBP23060501M_ITS_P48","Species richness",139,139,0.204185889840731,139,139.400196990239,1,23,"p06","s05","01M","#FDE725FF","#5D126EFF","sample","P48",134187,FALSE,6,"6 5",5,6,5,17
"GBP23060501M_ITS_P48","Shannon diversity",19.5870125555518,19.5974417212472,0.0911364714227737,19.4188175195805,19.7760659229139,0.999467830248265,23,"p06","s05","01M","#FDE725FF","#5D126EFF","sample","P48",134187,FALSE,6,"6 5",5,6,5,17
"GBP23060501M_ITS_P48","Simpson diversity",9.35208670090003,9.35268776629799,0.0389065691447144,9.27643229201233,9.42894324058364,0.999935733404881,23,"p06","s05","01M","#FDE725FF","#5D126EFF","sample","P48",134187,FALSE,6,"6 5",5,6,5,17
"GBP23060701M_ITS_P96","Species richness",34,34,1.21437938171741,34,36.3801398517341,1,23,"p06","s07","01M","#FDE725FF","#932667FF","sample","P96",19983,FALSE,6,"6 7",7,6,7,14
"GBP23060701M_ITS_P96","Shannon diversity",6.44616023958322,6.45161052057861,0.0540294342708857,6.3457147753026,6.55750626585462,0.999155206133724,23,"p06","s07","01M","#FDE725FF","#932667FF","sample","P96",19983,FALSE,6,"6 7",7,6,7,14
"GBP23060701M_ITS_P96","Simpson diversity",4.26841564570453,4.26911879298614,0.038761738399064,4.19314718174582,4.34509040422647,0.999835294514931,23,"p06","s07","01M","#FDE725FF","#932667FF","sample","P96",19983,FALSE,6,"6 7",7,6,7,14
"GBP23060801M_ITS_P96","Shannon diversity",13.2437706482611,13.3101293963534,0.227922486056235,12.8634095324163,13.7568492602904,0.995014417507428,23,"p06","s08","01M","#FDE725FF","#AE305CFF","sample","P96",2248,FALSE,6,"6 8",8,6,8,8
"GBP23060801M_ITS_P96","Simpson diversity",10.0764640919737,10.1176260235284,0.253976039161958,9.61984213383484,10.615409913222,0.995931661097282,23,"p06","s08","01M","#FDE725FF","#AE305CFF","sample","P96",2248,FALSE,6,"6 8",8,6,8,8
"GBP23060801M_ITS_P96","Species richness",23,23,0.793974067657407,23,24.5561605772673,1,23,"p06","s08","01M","#FDE725FF","#AE305CFF","sample","P96",2248,FALSE,6,"6 8",8,6,8,8
"GBP23060901M_ITS_P48","Species richness",10,10,0.284709426667009,10,10.5580202223264,1,23,"p06","s09","01M","#FDE725FF","#C73E4CFF","sample","P48",193,FALSE,6,"6 9",9,6,9,22
"GBP23060901M_ITS_P48","Simpson diversity",5.09492545479415,5.20595672941838,0.505760346005017,4.21468466644003,6.19722879239673,0.97867226325628,23,"p06","s09","01M","#FDE725FF","#C73E4CFF","sample","P48",193,FALSE,6,"6 9",9,6,9,22
"GBP23060901M_ITS_P48","Shannon diversity",6.81153521306884,6.97563297795825,0.43209510009627,6.12874214387333,7.82252381204317,0.97647557355613,23,"p06","s09","01M","#FDE725FF","#C73E4CFF","sample","P48",193,FALSE,6,"6 9",9,6,9,22
"GBP23061001M_ITS_P48","Species richness",207,207.499986580784,1.54871224888804,207,210.53540681102,0.997590425960876,23,"p06","s10","01M","#FDE725FF","#DD513AFF","sample","P48",38145,FALSE,6,"6 10",10,6,10,28
"GBP23061001M_ITS_P48","Shannon diversity",30.0377957210495,30.1220291040594,0.286183178994081,29.5611203802498,30.682937827869,0.997203595324906,23,"p06","s10","01M","#FDE725FF","#DD513AFF","sample","P48",38145,FALSE,6,"6 10",10,6,10,28
"GBP23061001M_ITS_P48","Simpson diversity",9.8419264679763,9.84426260813333,0.109750481589892,9.62915561693121,10.0593695993354,0.999762690183103,23,"p06","s10","01M","#FDE725FF","#DD513AFF","sample","P48",38145,FALSE,6,"6 10",10,6,10,28
"GBP23061002M_ITS_P96","Simpson diversity",8.2859039478493,8.2954626928094,0.180860863393873,7.94098191434459,8.64994347127421,0.998847714068031,23,"p06","s10","02M","#FDE725FF","#DD513AFF","sample","P96",6390,FALSE,6,"6 10",10,6,10,28
"GBP23061002M_ITS_P96","Species richness",59,59,0.669764218917787,59,60.3127137472125,1,23,"p06","s10","02M","#FDE725FF","#DD513AFF","sample","P96",6390,FALSE,6,"6 10",10,6,10,28
"GBP23061002M_ITS_P96","Shannon diversity",15.17627375473,15.2469456802655,0.282872916702382,14.692524951327,15.801366409204,0.995364847031168,23,"p06","s10","02M","#FDE725FF","#DD513AFF","sample","P96",6390,FALSE,6,"6 10",10,6,10,28
"GBP23061003M_ITS_P96","Species richness",6,6,0.14070529413629,6,6.27577730894124,1,23,"p06","s10","03M","#FDE725FF","#DD513AFF","sample","P96",160,FALSE,6,"6 10",10,6,10,28
"GBP23061003M_ITS_P96","Shannon diversity",4.70402112797264,4.77944031206955,0.187709343575134,4.41153675910063,5.14734386503847,0.9842200803499,23,"p06","s10","03M","#FDE725FF","#DD513AFF","sample","P96",160,FALSE,6,"6 10",10,6,10,28
"GBP23061003M_ITS_P96","Simpson diversity",4.19672131147541,4.28282828282829,0.222756617264154,3.84623333567257,4.719423229984,0.979894834519022,23,"p06","s10","03M","#FDE725FF","#DD513AFF","sample","P96",160,FALSE,6,"6 10",10,6,10,28
"GBP23061004M_ITS_P96","Species richness",64,64,1.10141470336994,64,66.1587331506479,1,23,"p06","s10","04M","#FDE725FF","#DD513AFF","sample","P96",52819,FALSE,6,"6 10",10,6,10,28
"GBP23061004M_ITS_P96","Shannon diversity",5.07586826406017,5.07922150187474,0.037500270724081,5.00572232184503,5.15272068190444,0.999339812643862,23,"p06","s10","04M","#FDE725FF","#DD513AFF","sample","P96",52819,FALSE,6,"6 10",10,6,10,28
"GBP23061004M_ITS_P96","Simpson diversity",3.08852587296761,3.08865951454517,0.0137378697624956,3.06173378458638,3.11558524450396,0.999956731528051,23,"p06","s10","04M","#FDE725FF","#DD513AFF","sample","P96",52819,FALSE,6,"6 10",10,6,10,28
"GBP23061005M_ITS_P96","Species richness",34,34,0.598241684891763,34,35.1725321564384,1,23,"p06","s10","05M","#FDE725FF","#DD513AFF","sample","P96",2532,FALSE,6,"6 10",10,6,10,28
"GBP23061005M_ITS_P96","Shannon diversity",12.8570753447709,12.9441669492258,0.325668346794492,12.3058687186039,13.5824651798477,0.993271748981879,23,"p06","s10","05M","#FDE725FF","#DD513AFF","sample","P96",2532,FALSE,6,"6 10",10,6,10,28
"GBP23061005M_ITS_P96","Simpson diversity",7.889883378529,7.9118461897927,0.230759263709574,7.45956634382295,8.36412603576244,0.997224059879724,23,"p06","s10","05M","#FDE725FF","#DD513AFF","sample","P96",2532,FALSE,6,"6 10",10,6,10,28
"GBP23061201M_ITS_P48","Species richness",177,177,0.982323838788337,177,178.92531934518,1,23,"p06","s12","01M","#FDE725FF","#F8850FFF","sample","P48",188186,FALSE,6,"6 12",12,6,12,27
"GBP23061201M_ITS_P48","Shannon diversity",14.2747949885532,14.2820182164836,0.0705621788509387,14.1437188872651,14.4203175457021,0.999494243193019,23,"p06","s12","01M","#FDE725FF","#F8850FFF","sample","P48",188186,FALSE,6,"6 12",12,6,12,27
"GBP23061201M_ITS_P48","Simpson diversity",5.53620990632293,5.53635362466771,0.0231204549267039,5.49103836570519,5.58166888363023,0.999974040974526,23,"p06","s12","01M","#FDE725FF","#F8850FFF","sample","P48",188186,FALSE,6,"6 12",12,6,12,27
"GBP23061202M_ITS_P96","Simpson diversity",21.4392472755082,21.452909257658,0.259401261083124,20.9444921283908,21.9613263869252,0.999363164129127,23,"p06","s12","02M","#FDE725FF","#F8850FFF","sample","P96",32870,FALSE,6,"6 12",12,6,12,27
"GBP23061202M_ITS_P96","Species richness",111,111,0.703063219787873,111,112.377978589639,1,23,"p06","s12","02M","#FDE725FF","#F8850FFF","sample","P96",32870,FALSE,6,"6 12",12,6,12,27
"GBP23061202M_ITS_P96","Shannon diversity",43.4175431598635,43.4923054261806,0.334743445236696,42.8362203294559,44.1483905229054,0.998281023146863,23,"p06","s12","02M","#FDE725FF","#F8850FFF","sample","P96",32870,FALSE,6,"6 12",12,6,12,27
"GBP23061301M_ITS_P96","Shannon diversity",6.09247238610086,6.10419561622871,0.0922995522252336,5.92329181807808,6.28509941437934,0.998079479940538,23,"p06","s13","01M","#FDE725FF","#FCA50AFF","sample","P96",7645,FALSE,6,"6 13",13,6,13,38
"GBP23061301M_ITS_P96","Simpson diversity",3.84967615462365,3.85111448084971,0.0506850010426234,3.7517737042498,3.95045525744963,0.999626516886679,23,"p06","s13","01M","#FDE725FF","#FCA50AFF","sample","P96",7645,FALSE,6,"6 13",13,6,13,38
"GBP23061301M_ITS_P96","Species richness",30,30,0.449451002092726,30,30.8809077769172,1,23,"p06","s13","01M","#FDE725FF","#FCA50AFF","sample","P96",7645,FALSE,6,"6 13",13,6,13,38
"GBP23061303M_ITS_P48","Species richness",82,82,0.171446607997766,82,82.3360291769472,1,23,"p06","s13","03M","#FDE725FF","#FCA50AFF","sample","P48",15490,FALSE,6,"6 13",13,6,13,38
"GBP23061303M_ITS_P48","Simpson diversity",13.2298358583064,13.2423321197419,0.206516439253796,12.837567336589,13.6470969028948,0.999056339825757,23,"p06","s13","03M","#FDE725FF","#FCA50AFF","sample","P48",15490,FALSE,6,"6 13",13,6,13,38
"GBP23061303M_ITS_P48","Shannon diversity",25.516093596906,25.5965394686601,0.3131174884423,24.9828404683836,26.2102384689367,0.996857158294676,23,"p06","s13","03M","#FDE725FF","#FCA50AFF","sample","P48",15490,FALSE,6,"6 13",13,6,13,38
"GBP23061304M_ITS_P96","Species richness",32,32,0.650969233730464,32,33.2758762531553,1,23,"p06","s13","04M","#FDE725FF","#FCA50AFF","sample","P96",8857,FALSE,6,"6 13",13,6,13,38
"GBP23061304M_ITS_P96","Shannon diversity",7.82009953825377,7.8340224796601,0.120070369376462,7.59868888007181,8.06935607924838,0.998222759579453,23,"p06","s13","04M","#FDE725FF","#FCA50AFF","sample","P96",8857,FALSE,6,"6 13",13,6,13,38
"GBP23061304M_ITS_P96","Simpson diversity",4.7572732171123,4.75929927508856,0.0680083130050814,4.62600543094928,4.89259311922785,0.99957429489949,23,"p06","s13","04M","#FDE725FF","#FCA50AFF","sample","P96",8857,FALSE,6,"6 13",13,6,13,38
"GBP23061305M_ITS_P96","Species richness",64,64,0.695358243485705,64,65.362877113585,1,23,"p06","s13","05M","#FDE725FF","#FCA50AFF","sample","P96",30213,FALSE,6,"6 13",13,6,13,38
"GBP23061305M_ITS_P96","Shannon diversity",6.82303208683194,6.83026539590752,0.0811825997980447,6.67115042413202,6.98938036768302,0.998940991505262,23,"p06","s13","05M","#FDE725FF","#FCA50AFF","sample","P96",30213,FALSE,6,"6 13",13,6,13,38
"GBP23061305M_ITS_P96","Simpson diversity",2.85465328134109,2.85482987795244,0.0275573992063188,2.80081836800046,2.90884138790441,0.999938141108615,23,"p06","s13","05M","#FDE725FF","#FCA50AFF","sample","P96",30213,FALSE,6,"6 13",13,6,13,38
"GBP23061401M_ITS_P96","Shannon diversity",13.5437950676514,13.5575332797911,0.0976061702350059,13.3662287014616,13.7488378581206,0.998986673175999,23,"p06","s14","01M","#FDE725FF","#FAC62DFF","sample","P96",43382,FALSE,6,"6 14",14,6,14,21
"GBP23061401M_ITS_P96","Simpson diversity",6.01902003719055,6.01973626080401,0.0453936341216898,5.93076637279811,6.10870614880991,0.999881020765291,23,"p06","s14","01M","#FDE725FF","#FAC62DFF","sample","P96",43382,FALSE,6,"6 14",14,6,14,21
"GBP23061401M_ITS_P96","Species richness",86,86,0.238683256575939,86,86.4678105866016,1,23,"p06","s14","01M","#FDE725FF","#FAC62DFF","sample","P96",43382,FALSE,6,"6 14",14,6,14,21
"GBP23061402M_ITS_P96","Species richness",30,30,0.0499784017278619,30,30.0979558673915,1,23,"p06","s14","02M","#FDE725FF","#FAC62DFF","sample","P96",2315,FALSE,6,"6 14",14,6,14,21
"GBP23061402M_ITS_P96","Shannon diversity",18.9404195940248,19.0602047424281,0.332500645482902,18.4085154524453,19.7118940324109,0.993715432230553,23,"p06","s14","02M","#FDE725FF","#FAC62DFF","sample","P96",2315,FALSE,6,"6 14",14,6,14,21
"GBP23061402M_ITS_P96","Simpson diversity",13.7810729705336,13.8576136669357,0.376618312867882,13.1194553377964,14.595771996075,0.994476632251282,23,"p06","s14","02M","#FDE725FF","#FAC62DFF","sample","P96",2315,FALSE,6,"6 14",14,6,14,21
"GBP23061404M_ITS_P96","Species richness",46,46,0.437177407615505,46,46.856851973781,1,23,"p06","s14","04M","#FDE725FF","#FAC62DFF","sample","P96",10726,FALSE,6,"6 14",14,6,14,21
"GBP23061404M_ITS_P96","Shannon diversity",14.5487411765557,14.5796190318263,0.20926898676365,14.1694593546884,14.9897787089643,0.997882121940005,23,"p06","s14","04M","#FDE725FF","#FAC62DFF","sample","P96",10726,FALSE,6,"6 14",14,6,14,21
"GBP23061404M_ITS_P96","Simpson diversity",7.21892450099528,7.22312028277186,0.13133416529301,6.96571004885793,7.48053051668579,0.999419117831031,23,"p06","s14","04M","#FDE725FF","#FAC62DFF","sample","P96",10726,FALSE,6,"6 14",14,6,14,21
