"Assemblage","Diversity","Observed","Estimator","s.e.","LCL","UCL","completeness","year","period","site","specimen","color_p","color_s","type","plate","quant_reading","period_num","site_num","j","Periodo","Sitio","n_plants"
"GBP23010301M_16S_B48","Species richness",32,38.749731844907,9.93532487381817,32,58.2226107722956,0.825812166341632,23,"p01","s03","01M","#440154FF","#240C4FFF","sample","B48",29966,1,3,"1 3",1,3,11
"GBP23010301M_16S_B48","Shannon diversity",3.26525431145004,3.26797930276863,0.0185381687935097,3.23164515959402,3.30431344594323,0.999166154046239,23,"p01","s03","01M","#440154FF","#240C4FFF","sample","B48",29966,1,3,"1 3",1,3,11
"GBP23010301M_16S_B48","Simpson diversity",2.73705024450532,2.73723914132785,0.0161465905860277,2.70559240530612,2.76888587734958,0.99993099001849,23,"p01","s03","01M","#440154FF","#240C4FFF","sample","B48",29966,1,3,"1 3",1,3,11
"GBP23010302M_16S_B96","Species richness",36,48.4993868040226,9.33105425626924,36,66.7879170840994,0.742277426010964,23,"p01","s03","02M","#440154FF","#240C4FFF","sample","B96",23909,1,3,"1 3",1,3,11
"GBP23010302M_16S_B96","Shannon diversity",2.88504471306975,2.88867551211571,0.0162054332851246,2.856913446523,2.92043757770842,0.998743092108918,23,"p01","s03","02M","#440154FF","#240C4FFF","sample","B96",23909,1,3,"1 3",1,3,11
"GBP23010302M_16S_B96","Simpson diversity",2.44504139221811,2.44521473584575,0.0109348460302928,2.42378283144988,2.46664664024161,0.999929109036886,23,"p01","s03","02M","#440154FF","#240C4FFF","sample","B96",23909,1,3,"1 3",1,3,11
"GBP23010303M_16S_B96","Species richness",40,72.6658260422028,29.6483646518712,40,130.775552960381,0.550465083501134,23,"p01","s03","03M","#440154FF","#240C4FFF","sample","B96",45979,1,3,"1 3",1,3,11
"GBP23010303M_16S_B96","Shannon diversity",3.13493279214676,3.1377580866712,0.0131786221816844,3.11192846182924,3.16358771151316,0.999099581788526,23,"p01","s03","03M","#440154FF","#240C4FFF","sample","B96",45979,1,3,"1 3",1,3,11
"GBP23010303M_16S_B96","Simpson diversity",2.63328971102901,2.63340039596099,0.00859210118141235,2.6165601870939,2.65024060482808,0.999957968817752,23,"p01","s03","03M","#440154FF","#240C4FFF","sample","B96",45979,1,3,"1 3",1,3,11
"GBP23010304M_16S_B96","Species richness",63,119.331494538016,52.374803525504,63,221.984223145365,0.52794109588504,23,"p01","s03","04M","#440154FF","#240C4FFF","sample","B96",36112,1,3,"1 3",1,3,11
"GBP23010304M_16S_B96","Shannon diversity",5.73533285613996,5.74633032399706,0.0345123100054674,5.67868743936306,5.81397320863106,0.998086175482956,23,"p01","s03","04M","#440154FF","#240C4FFF","sample","B96",36112,1,3,"1 3",1,3,11
"GBP23010304M_16S_B96","Simpson diversity",4.4901352598927,4.49064686312292,0.0273437412026975,4.43705411516305,4.54423961108279,0.999886073600126,23,"p01","s03","04M","#440154FF","#240C4FFF","sample","B96",36112,1,3,"1 3",1,3,11
"GBP23010305M_16S_B96","Species richness",39,48.9993771022798,13.4986681877565,39,75.456280589539,0.795928485347734,23,"p01","s03","05M","#440154FF","#240C4FFF","sample","B96",19687,1,3,"1 3",1,3,11
"GBP23010305M_16S_B96","Shannon diversity",4.56083640550136,4.56828907869691,0.0355187506124783,4.49867360672059,4.63790455067322,0.998368607356681,23,"p01","s03","05M","#440154FF","#240C4FFF","sample","B96",19687,1,3,"1 3",1,3,11
"GBP23010305M_16S_B96","Simpson diversity",3.57227220293106,3.57284470209711,0.0252126954979593,3.52342872696794,3.62226067722629,0.999839763769828,23,"p01","s03","05M","#440154FF","#240C4FFF","sample","B96",19687,1,3,"1 3",1,3,11
"GBP23010501M_16S_B96","Species richness",68,78.6662812127344,9.708350217605,68,97.6942979885418,0.864411015135062,23,"p01","s05","01M","#440154FF","#5D126EFF","sample","B96",36248,1,5,"1 5",1,5,3
"GBP23010501M_16S_B96","Shannon diversity",3.16220826215375,3.16711661844106,0.019614289469159,3.12867331749917,3.20555991938296,0.998450212960667,23,"p01","s05","01M","#440154FF","#5D126EFF","sample","B96",36248,1,5,"1 5",1,5,3
"GBP23010501M_16S_B96","Simpson diversity",2.51013343283116,2.51027042485538,0.0132832637188637,2.48423570636925,2.5363051433415,0.999945427383896,23,"p01","s05","01M","#440154FF","#5D126EFF","sample","B96",36248,1,5,"1 5",1,5,3
"GBP23010901M_16S_B96","Species richness",37,45.6420269769612,10.2200235041983,37,65.6729049663426,0.81065637200286,23,"p01","s09","01M","#440154FF","#C73E4CFF","sample","B96",11955,1,9,"1 9",1,9,11
"GBP23010901M_16S_B96","Shannon diversity",2.75054145037564,2.75713214790665,0.0245912800255942,2.70893412472275,2.80533017109056,0.99760958228425,23,"p01","s09","01M","#440154FF","#C73E4CFF","sample","B96",11955,1,9,"1 9",1,9,11
"GBP23010901M_16S_B96","Simpson diversity",2.30655816620267,2.30684769845036,0.0115184235432689,2.28427200314688,2.32942339375385,0.999874490089708,23,"p01","s09","01M","#440154FF","#C73E4CFF","sample","B96",11955,1,9,"1 9",1,9,11
"GBP23011001M_16S_B96","Species richness",27,31.8995842877747,9.50365835588539,27,50.5264123866832,0.846406014461687,23,"p01","s10","01M","#440154FF","#DD513AFF","sample","B96",12974,1,10,"1 10",1,10,10
"GBP23011001M_16S_B96","Shannon diversity",2.51703913413602,2.5207001809165,0.0204452639411424,2.48062819993744,2.56077216189555,0.998547607205253,23,"p01","s10","01M","#440154FF","#DD513AFF","sample","B96",12974,1,10,"1 10",1,10,10
"GBP23011001M_16S_B96","Simpson diversity",2.0617003286398,2.06188606638918,0.0146389977383084,2.03319415805234,2.09057797472603,0.999909918519546,23,"p01","s10","01M","#440154FF","#DD513AFF","sample","B96",12974,1,10,"1 10",1,10,10
"GBP23011101M_16S_B96","Species richness",32,35.5998403689252,8.47058428413298,32,52.2018804938368,0.898880435091293,23,"p01","s11","01M","#440154FF","#ED6925FF","sample","B96",26774,1,11,"1 11",1,11,5
"GBP23011101M_16S_B96","Shannon diversity",3.13860314133184,3.14123853852014,0.0178920354588818,3.10617079341061,3.17630628362966,0.999161032453925,23,"p01","s11","01M","#440154FF","#ED6925FF","sample","B96",26774,1,11,"1 11",1,11,5
"GBP23011101M_16S_B96","Simpson diversity",2.74088120907555,2.74109281463511,0.0117452752613867,2.71807249813428,2.76411313113594,0.999922802482854,23,"p01","s11","01M","#440154FF","#ED6925FF","sample","B96",26774,1,11,"1 11",1,11,5
"GBP23011102M_16S_B96","Species richness",33,63.2481822005889,22.4533626345581,33,107.25596429614,0.521754125602249,23,"p01","s11","02M","#440154FF","#ED6925FF","sample","B96",18591,1,11,"1 11",1,11,5
"GBP23011102M_16S_B96","Shannon diversity",2.03289792106272,2.03647990249324,0.0171791819005173,2.00280932468436,2.07015048030211,0.998241091686624,23,"p01","s11","02M","#440154FF","#ED6925FF","sample","B96",18591,1,11,"1 11",1,11,5
"GBP23011102M_16S_B96","Simpson diversity",1.54554451338159,1.54559518591605,0.00999428090583357,1.52600675528924,1.56518361654286,0.999967214873,23,"p01","s11","02M","#440154FF","#ED6925FF","sample","B96",18591,1,11,"1 11",1,11,5
"GBP23020201M_16S_B96","Species richness",90,148.498236677116,21.3910187953159,106.572610245677,190.423863108555,0.606067802647984,23,"p02","s02","01M","#414487FF","#0C0826FF","sample","B96",37186,2,2,"2 2",2,2,10
"GBP23020201M_16S_B96","Shannon diversity",2.86074545032784,2.86753805564155,0.0165108042179849,2.83517747401851,2.89989863726459,0.997631206567478,23,"p02","s02","01M","#414487FF","#0C0826FF","sample","B96",37186,2,2,"2 2",2,2,10
"GBP23020201M_16S_B96","Simpson diversity",2.26275196063633,2.26283809185673,0.0072934525617956,2.24854318751266,2.2771329962008,0.999961936640224,23,"p02","s02","01M","#414487FF","#0C0826FF","sample","B96",37186,2,2,"2 2",2,2,10
"GBP23020202M_16S_B96","Species richness",50,57.9996966939642,8.72155732844657,50,75.0936349468209,0.862073473656687,23,"p02","s02","02M","#414487FF","#0C0826FF","sample","B96",31623,2,2,"2 2",2,2,10
"GBP23020202M_16S_B96","Shannon diversity",3.19412674901049,3.19795124341342,0.0181001377425365,3.16247562532283,3.23342686150401,0.998804079827418,23,"p02","s02","02M","#414487FF","#0C0826FF","sample","B96",31623,2,2,"2 2",2,2,10
"GBP23020202M_16S_B96","Simpson diversity",2.40796838904467,2.40809693973163,0.0145683207336838,2.37954355577839,2.43665032368488,0.999946617312268,23,"p02","s02","02M","#414487FF","#0C0826FF","sample","B96",31623,2,2,"2 2",2,2,10
"GBP23020301M_16S_B96","Species richness",75,105.248896508956,19.3690096227224,75,143.211457785701,0.712596544835207,23,"p02","s03","01M","#414487FF","#240C4FFF","sample","B96",35006,2,3,"2 3",2,3,9
"GBP23020301M_16S_B96","Shannon diversity",5.89358694761385,5.9055693130084,0.042828329497705,5.82162732967489,5.98951129634192,0.997971005882844,23,"p02","s03","01M","#414487FF","#240C4FFF","sample","B96",35006,2,3,"2 3",2,3,9
"GBP23020301M_16S_B96","Simpson diversity",4.31898214122766,4.31950513701085,0.0282404838885584,4.26415480568329,4.37485546833841,0.999878922291651,23,"p02","s03","01M","#414487FF","#240C4FFF","sample","B96",35006,2,3,"2 3",2,3,9
"GBP23020302M_16S_B96","Species richness",36,40.5711889033688,9.06818595914811,36,58.3445067884109,0.887329185391723,23,"p02","s03","02M","#414487FF","#240C4FFF","sample","B96",22827,2,3,"2 3",2,3,9
"GBP23020302M_16S_B96","Shannon diversity",4.47644496287471,4.48155923136688,0.0304988170123663,4.42178264845157,4.5413358142822,0.998858819391167,23,"p02","s03","02M","#414487FF","#240C4FFF","sample","B96",22827,2,3,"2 3",2,3,9
"GBP23020302M_16S_B96","Simpson diversity",3.52282076894158,3.523286800563,0.0216042811738794,3.48094318755032,3.56563041357568,0.999867728161855,23,"p02","s03","02M","#414487FF","#240C4FFF","sample","B96",22827,2,3,"2 3",2,3,9
"GBP23020303M_16S_B96","Species richness",28,34.2494434550312,8.58557261131838,28,51.0768565598687,0.817531532644127,23,"p02","s03","03M","#414487FF","#240C4FFF","sample","B96",12943,2,3,"2 3",2,3,9
"GBP23020303M_16S_B96","Shannon diversity",4.70365666167101,4.71105845539997,0.03972941970651,4.63319022364854,4.78892668715141,0.998428846978011,23,"p02","s03","03M","#414487FF","#240C4FFF","sample","B96",12943,2,3,"2 3",2,3,9
"GBP23020303M_16S_B96","Simpson diversity",3.79850604165737,3.79945294628156,0.0310772301020464,3.73854269454228,3.86036319802083,0.999750778694308,23,"p02","s03","03M","#414487FF","#240C4FFF","sample","B96",12943,2,3,"2 3",2,3,9
"GBP23020304M_16S_B96","Species richness",53,65.2495960029022,9.9628836307847,53,84.7764891014038,0.812265565562163,23,"p02","s03","04M","#414487FF","#240C4FFF","sample","B96",47446,2,3,"2 3",2,3,9
"GBP23020304M_16S_B96","Shannon diversity",4.40278666672599,4.4079197456236,0.0267097531069223,4.35556959149808,4.46026989974913,0.998835487215322,23,"p02","s03","04M","#414487FF","#240C4FFF","sample","B96",47446,2,3,"2 3",2,3,9
"GBP23020304M_16S_B96","Simpson diversity",3.11905575580723,3.11927375372952,0.0202658949846604,3.07955332944511,3.15899417801392,0.999930112603284,23,"p02","s03","04M","#414487FF","#240C4FFF","sample","B96",47446,2,3,"2 3",2,3,9
"GBP23020305M_16S_B96","Species richness",53,81.1236117966436,20.308950676485,53,120.928423686355,0.653323968524202,23,"p02","s03","05M","#414487FF","#240C4FFF","sample","B96",23216,2,3,"2 3",2,3,9
"GBP23020305M_16S_B96","Shannon diversity",5.16896106201026,5.17946255898371,0.0324956230682716,5.11577230811471,5.24315280985271,0.997972473619828,23,"p02","s03","05M","#414487FF","#240C4FFF","sample","B96",23216,2,3,"2 3",2,3,9
"GBP23020305M_16S_B96","Simpson diversity",4.37112137516515,4.37184885594542,0.0190569085285282,4.33449800157283,4.40919971031801,0.999833598826435,23,"p02","s03","05M","#414487FF","#240C4FFF","sample","B96",23216,2,3,"2 3",2,3,9
"GBP23020401M_16S_B96","Species richness",36,46.1245689104611,14.2584921750335,36,74.0707000473729,0.780495099474743,23,"p02","s04","01M","#414487FF","#420A68FF","sample","B96",26726,2,4,"2 4",2,4,15
"GBP23020401M_16S_B96","Shannon diversity",4.581121219951,4.58588133565112,0.0310471574490438,4.52503002522865,4.64673264607359,0.998962006351294,23,"p02","s04","01M","#414487FF","#420A68FF","sample","B96",26726,2,4,"2 4",2,4,15
"GBP23020401M_16S_B96","Simpson diversity",3.5727839141943,3.57317533921499,0.0235188296530522,3.52707928013647,3.6192713982935,0.999890454572327,23,"p02","s04","01M","#414487FF","#420A68FF","sample","B96",26726,2,4,"2 4",2,4,15
"GBP23020402M_16S_B96","Species richness",51,64.9993357688476,14.5091487125498,51,93.4367446917808,0.784623402635492,23,"p02","s04","02M","#414487FF","#420A68FF","sample","B96",26220,2,4,"2 4",2,4,15
"GBP23020402M_16S_B96","Shannon diversity",4.24380589301085,4.25087651146536,0.0276415468096897,4.19670007524139,4.30505294768933,0.998336668111756,23,"p02","s04","02M","#414487FF","#420A68FF","sample","B96",26220,2,4,"2 4",2,4,15
"GBP23020402M_16S_B96","Simpson diversity",3.59997693207282,3.60042108711987,0.0197496268341525,3.56171252981682,3.63912964442291,0.999876638027524,23,"p02","s04","02M","#414487FF","#420A68FF","sample","B96",26220,2,4,"2 4",2,4,15
"GBP23020403M_16S_B96","Species richness",62,72.6662083387044,11.2368398535815,62,94.6900097517684,0.853216390636648,23,"p02","s04","03M","#414487FF","#420A68FF","sample","B96",27143,2,4,"2 4",2,4,15
"GBP23020403M_16S_B96","Shannon diversity",3.81941468435207,3.82595092867468,0.0281749332663217,3.77072907420587,3.88117278314349,0.998291602677489,23,"p02","s04","03M","#414487FF","#420A68FF","sample","B96",27143,2,4,"2 4",2,4,15
"GBP23020403M_16S_B96","Simpson diversity",3.06171714153887,3.06198840975782,0.0160069397876615,3.0306153842713,3.09336143524434,0.999911407823072,23,"p02","s04","03M","#414487FF","#420A68FF","sample","B96",27143,2,4,"2 4",2,4,15
"GBP23020404M_16S_B48","Species richness",32,44.2495322999389,11.6211197978658,32,67.0265085637812,0.723171485363794,23,"p02","s04","04M","#414487FF","#420A68FF","sample","B48",31147,2,4,"2 4",2,4,15
"GBP23020404M_16S_B48","Shannon diversity",2.71710516170455,2.71942388520648,0.0156603973894183,2.68873007033963,2.75011770007332,0.999147347526605,23,"p02","s04","04M","#414487FF","#420A68FF","sample","B48",31147,2,4,"2 4",2,4,15
"GBP23020404M_16S_B48","Simpson diversity",2.3103584735461,2.3104740685701,0.0106980731829771,2.2895062304275,2.33144190671271,0.999949969131629,23,"p02","s04","04M","#414487FF","#420A68FF","sample","B48",31147,2,4,"2 4",2,4,15
"GBP23020501M_16S_B96","Species richness",59,81.5613524819449,11.4793010599158,59.0623358368174,104.060369127072,0.723381824903661,23,"p02","s05","01M","#414487FF","#5D126EFF","sample","B96",28241,2,5,"2 5",2,5,9
"GBP23020501M_16S_B96","Shannon diversity",3.51046493696139,3.51830099914817,0.0283004844256191,3.46283306892892,3.57376892936742,0.997772770951469,23,"p02","s05","01M","#414487FF","#5D126EFF","sample","B96",28241,2,5,"2 5",2,5,9
"GBP23020501M_16S_B96","Simpson diversity",2.78948679446959,2.78974070852065,0.0185416067979867,2.75339982698109,2.82608159006021,0.999908982920783,23,"p02","s05","01M","#414487FF","#5D126EFF","sample","B96",28241,2,5,"2 5",2,5,9
"GBP23020601M_16S_B96","Species richness",55,82.5610102961842,12.1749697999366,58.6985079754456,106.423512616923,0.666174018494805,23,"p02","s06","01M","#414487FF","#781C6DFF","sample","B96",24137,2,6,"2 6",2,6,4
"GBP23020601M_16S_B96","Shannon diversity",3.37984799605507,3.38793347820567,0.0194593174772893,3.34979391678646,3.42607303962489,0.997613447193513,23,"p02","s06","01M","#414487FF","#781C6DFF","sample","B96",24137,2,6,"2 6",2,6,4
"GBP23020601M_16S_B96","Simpson diversity",2.85829118435724,2.85857830780296,0.0131753116697406,2.83275517144518,2.88440144416074,0.999899557257209,23,"p02","s06","01M","#414487FF","#781C6DFF","sample","B96",24137,2,6,"2 6",2,6,4
"GBP23020602M_16S_B96","Species richness",106,130.19912009599,13.4776042899056,106,156.614739102087,0.814137606474232,23,"p02","s06","02M","#414487FF","#781C6DFF","sample","B96",31903,2,6,"2 6",2,6,4
"GBP23020602M_16S_B96","Shannon diversity",4.03562093532163,4.04582813619371,0.0354677021192623,3.97631271742556,4.11534355496185,0.997477104679567,23,"p02","s06","02M","#414487FF","#781C6DFF","sample","B96",31903,2,6,"2 6",2,6,4
"GBP23020602M_16S_B96","Simpson diversity",2.39179251309364,2.39191356055877,0.0162877139281181,2.35999022786917,2.42383689324837,0.99994939304366,23,"p02","s06","02M","#414487FF","#781C6DFF","sample","B96",31903,2,6,"2 6",2,6,4
"GBP23020701M_16S_B96","Species richness",66,73.1997687564234,8.33406240708986,66,89.5342309192287,0.901642192608817,23,"p02","s07","01M","#414487FF","#932667FF","sample","B96",38431,2,7,"2 7",2,7,8
"GBP23020701M_16S_B96","Shannon diversity",4.34093725681024,4.34640907961974,0.0250260215436681,4.29735897871783,4.39545918052166,0.998741070453962,23,"p02","s07","01M","#414487FF","#932667FF","sample","B96",38431,2,7,"2 7",2,7,8
"GBP23020701M_16S_B96","Simpson diversity",3.28524221492709,3.28548336235849,0.0142673000566231,3.25751996809088,3.31344675662609,0.999926602145014,23,"p02","s07","01M","#414487FF","#932667FF","sample","B96",38431,2,7,"2 7",2,7,8
"GBP23020801M_16S_B96","Species richness",40,64.4990593926364,18.9770460147405,40,101.693386114487,0.620164082649656,23,"p02","s08","01M","#414487FF","#AE305CFF","sample","B96",32341,2,8,"2 8",2,8,5
"GBP23020801M_16S_B96","Shannon diversity",2.82255368938973,2.82612660971354,0.0136091605858582,2.79945314510543,2.85280007432164,0.998735753624227,23,"p02","s08","01M","#414487FF","#AE305CFF","sample","B96",32341,2,8,"2 8",2,8,5
"GBP23020801M_16S_B96","Simpson diversity",2.49317923242452,2.49332217095195,0.00943322821347379,2.47483338339559,2.5118109585083,0.999942671456946,23,"p02","s08","01M","#414487FF","#AE305CFF","sample","B96",32341,2,8,"2 8",2,8,5
"GBP23020802M_16S_B96","Species richness",56,113.597691290232,45.2411354456479,56,202.2686873834,0.492967765136397,23,"p02","s08","02M","#414487FF","#AE305CFF","sample","B96",28174,2,8,"2 8",2,8,5
"GBP23020802M_16S_B96","Shannon diversity",2.22322610824133,2.22808210389126,0.0127618071521038,2.20306942149549,2.25309478628703,0.997820549053627,23,"p02","s08","02M","#414487FF","#AE305CFF","sample","B96",28174,2,8,"2 8",2,8,5
"GBP23020802M_16S_B96","Simpson diversity",1.97588294243493,1.97596023543993,0.00600723394227951,1.96418627326635,1.9877341976135,0.99996088331961,23,"p02","s08","02M","#414487FF","#AE305CFF","sample","B96",28174,2,8,"2 8",2,8,5
"GBP23020901M_16S_B48","Species richness",36,40.5712678998213,8.41739302250549,36,57.0690550676508,0.887327457670077,23,"p02","s09","01M","#414487FF","#C73E4CFF","sample","B48",30703,2,9,"2 9",2,9,15
"GBP23020901M_16S_B48","Shannon diversity",2.12724337629179,2.12887120775726,0.015224298451337,2.09903213110275,2.15871028441177,0.999235354652014,23,"p02","s09","01M","#414487FF","#C73E4CFF","sample","B48",30703,2,9,"2 9",2,9,15
"GBP23020901M_16S_B48","Simpson diversity",1.53950282207149,1.53953201548709,0.00831393725129926,1.52323699790482,1.55582703306936,0.999981037474178,23,"p02","s09","01M","#414487FF","#C73E4CFF","sample","B48",30703,2,9,"2 9",2,9,15
"GBP23020902M_16S_B96","Species richness",44,49.0623028314379,9.27813799573516,44,67.2471191466715,0.896818890690265,23,"p02","s09","02M","#414487FF","#C73E4CFF","sample","B96",30108,2,9,"2 9",2,9,15
"GBP23020902M_16S_B96","Shannon diversity",3.28532261337799,3.28869740494562,0.01819617243079,3.25303356232479,3.32436124756645,0.998973821196637,23,"p02","s09","02M","#414487FF","#C73E4CFF","sample","B96",30108,2,9,"2 9",2,9,15
"GBP23020902M_16S_B96","Simpson diversity",2.65371984428004,2.65389078067143,0.0116206735153626,2.63111467910522,2.67666688223764,0.99993559026896,23,"p02","s09","02M","#414487FF","#C73E4CFF","sample","B96",30108,2,9,"2 9",2,9,15
"GBP23020903M_16S_B96","Species richness",62,88.9987726714851,14.0192493447972,62,116.475996477574,0.696638820277402,23,"p02","s09","03M","#414487FF","#C73E4CFF","sample","B96",26972,2,9,"2 9",2,9,15
"GBP23020903M_16S_B96","Shannon diversity",4.13959522588065,4.14835691584365,0.0305530694685933,4.08847400006806,4.20823983161925,0.997887913180869,23,"p02","s09","03M","#414487FF","#C73E4CFF","sample","B96",26972,2,9,"2 9",2,9,15
"GBP23020903M_16S_B96","Simpson diversity",3.05515073688192,3.05543618928377,0.0209759619932345,3.01432405923595,3.09654831933159,0.999906575564283,23,"p02","s09","03M","#414487FF","#C73E4CFF","sample","B96",26972,2,9,"2 9",2,9,15
"GBP23021101M_16S_B96","Species richness",81,103.320202254069,13.3683428649517,81,129.521672802358,0.783970590773884,23,"p02","s11","01M","#414487FF","#ED6925FF","sample","B96",23311,2,11,"2 11",2,11,8
"GBP23021101M_16S_B96","Shannon diversity",3.0373491765421,3.04684358503103,0.0271577923115025,2.99361529020086,3.10007187986119,0.996883854315471,23,"p02","s11","01M","#414487FF","#ED6925FF","sample","B96",23311,2,11,"2 11",2,11,8
"GBP23021101M_16S_B96","Simpson diversity",2.304874801994,2.30504005602876,0.0104820693444017,2.28449557763028,2.32558453442724,0.999928307521455,23,"p02","s11","01M","#414487FF","#ED6925FF","sample","B96",23311,2,11,"2 11",2,11,8
"GBP23021102M_16S_B48","Species richness",125,195.616003450141,28.8771006432962,139.017926211342,252.21408068894,0.639007022919065,23,"p02","s11","02M","#414487FF","#ED6925FF","sample","B48",47916,2,11,"2 11",2,11,8
"GBP23021102M_16S_B48","Shannon diversity",4.96023737913338,4.97227711844023,0.0276512204663101,4.91808172219768,5.02647251468277,0.997578626649307,23,"p02","s11","02M","#414487FF","#ED6925FF","sample","B48",47916,2,11,"2 11",2,11,8
"GBP23021102M_16S_B48","Simpson diversity",3.47892554227006,3.47912627998074,0.0163798552180338,3.44702235368141,3.51123020628006,0.999942302263695,23,"p02","s11","02M","#414487FF","#ED6925FF","sample","B48",47916,2,11,"2 11",2,11,8
"GBP23021103M_16S_B96","Species richness",43,53.0830195919807,8.04183998698542,43,68.8447363359061,0.810051883455704,23,"p02","s11","03M","#414487FF","#ED6925FF","sample","B96",38523,2,11,"2 11",2,11,8
"GBP23021103M_16S_B96","Shannon diversity",2.78781878082581,2.79029568630186,0.0127979306241941,2.76521220320179,2.81537916940192,0.999112314337076,23,"p02","s11","03M","#414487FF","#ED6925FF","sample","B96",38523,2,11,"2 11",2,11,8
"GBP23021103M_16S_B96","Simpson diversity",2.41222746621501,2.41233347043384,0.00778971081605409,2.39706591778439,2.42760102308328,0.999956057394167,23,"p02","s11","03M","#414487FF","#ED6925FF","sample","B96",38523,2,11,"2 11",2,11,8
"GBP23021104M_16S_B96","Species richness",74,100.888063772623,14.1622129141814,74,128.645491025806,0.733486175002607,23,"p02","s11","04M","#414487FF","#ED6925FF","sample","B96",40563,2,11,"2 11",2,11,8
"GBP23021104M_16S_B96","Shannon diversity",3.71265783619699,3.71881917726891,0.0217297258621273,3.67622969718521,3.76140865735261,0.998343199607665,23,"p02","s11","04M","#414487FF","#ED6925FF","sample","B96",40563,2,11,"2 11",2,11,8
"GBP23021104M_16S_B96","Simpson diversity",3.04896337580215,3.04915509664544,0.0112694035043294,3.02706747164971,3.07124272164118,0.999937123289167,23,"p02","s11","04M","#414487FF","#ED6925FF","sample","B96",40563,2,11,"2 11",2,11,8
"GBP23021105M_16S_B96","Species richness",52,60.6535508410508,9.33732030203495,52,78.954362345154,0.857328207152646,23,"p02","s11","05M","#414487FF","#ED6925FF","sample","B96",35554,2,11,"2 11",2,11,8
"GBP23021105M_16S_B96","Shannon diversity",3.16048922859681,3.16410106485307,0.0178127834874805,3.1291886507532,3.19901347895294,0.998858495293852,23,"p02","s11","05M","#414487FF","#ED6925FF","sample","B96",35554,2,11,"2 11",2,11,8
"GBP23021105M_16S_B96","Simpson diversity",2.61756951836219,2.61771402009944,0.0114636811111302,2.59524561799138,2.64018242220751,0.999944798501231,23,"p02","s11","05M","#414487FF","#ED6925FF","sample","B96",35554,2,11,"2 11",2,11,8
"GBP23021401M_16S_B96","Species richness",24,64.4974849406943,26.8577485016011,24,117.137704709667,0.372107532907184,23,"p02","s14","01M","#414487FF","#FAC62DFF","sample","B96",18834,2,14,"2 14",2,14,20
"GBP23021401M_16S_B96","Shannon diversity",2.83404188560616,2.83848126105201,0.0172413711792401,2.80468879449661,2.87227372760741,0.998436003257529,23,"p02","s14","01M","#414487FF","#FAC62DFF","sample","B96",18834,2,14,"2 14",2,14,20
"GBP23021401M_16S_B96","Simpson diversity",2.56091465165036,2.56116292868058,0.0136674613634614,2.5343751966481,2.58795066071306,0.999903060821538,23,"p02","s14","01M","#414487FF","#FAC62DFF","sample","B96",18834,2,14,"2 14",2,14,20
"GBP23021402M_16S_B96","Species richness",30,30.999936147117,5.99669533750409,30,42.7532430348843,0.967743928814188,23,"p02","s14","02M","#414487FF","#FAC62DFF","sample","B96",17643,2,14,"2 14",2,14,20
"GBP23021402M_16S_B96","Shannon diversity",4.21722729113456,4.2215798306128,0.0270962244061723,4.16847220665968,4.27468745456591,0.998968978521578,23,"p02","s14","02M","#414487FF","#FAC62DFF","sample","B96",17643,2,14,"2 14",2,14,20
"GBP23021402M_16S_B96","Simpson diversity",3.52156339620926,3.52213052746179,0.0261766698153527,3.47082519738851,3.57343585753508,0.999838980626039,23,"p02","s14","02M","#414487FF","#FAC62DFF","sample","B96",17643,2,14,"2 14",2,14,20
"GBP23021501M_16S_B96","Species richness",46,64.2848465538163,15.1230653700434,46,93.9255100149463,0.715565214291846,23,"p02","s15","01M","#414487FF","#F2E661FF","sample","B96",25816,2,15,"2 15",2,15,11
"GBP23021501M_16S_B96","Shannon diversity",2.90153888408908,2.90632158168928,0.0177338766587125,2.87156382213193,2.94107934124663,0.998354381142702,23,"p02","s15","01M","#414487FF","#F2E661FF","sample","B96",25816,2,15,"2 15",2,15,11
"GBP23021501M_16S_B96","Simpson diversity",2.49202904110043,2.49220550479582,0.00922223103119498,2.47413026411758,2.51028074547407,0.999929193762291,23,"p02","s15","01M","#414487FF","#F2E661FF","sample","B96",25816,2,15,"2 15",2,15,11
"GBP23021601M_16S_B48","Species richness",38,53.1239368058484,9.11665597085779,38,70.9922541681718,0.715308433162215,23,"p02","s16","01M","#414487FF","#FCFFA4FF","sample","B48",16076,2,16,"2 16",2,16,12
"GBP23021601M_16S_B48","Shannon diversity",2.84354817812046,2.84912646061413,0.0243817276144905,2.80133915260886,2.89691376861939,0.998042107793115,23,"p02","s16","01M","#414487FF","#FCFFA4FF","sample","B48",16076,2,16,"2 16",2,16,12
"GBP23021601M_16S_B48","Simpson diversity",2.38931708996426,2.38955047086453,0.0136016656225514,2.36289169611457,2.41620924561449,0.999902332717756,23,"p02","s16","01M","#414487FF","#FCFFA4FF","sample","B48",16076,2,16,"2 16",2,16,12
"GBP23021602M_16S_B96","Species richness",126,133.538029014419,5.94654907418445,126,145.19305103212,0.943551443210196,23,"p02","s16","02M","#414487FF","#FCFFA4FF","sample","B96",18294,2,16,"2 16",2,16,12
"GBP23021602M_16S_B96","Shannon diversity",6.09508432979826,6.11980217974741,0.082987200033268,5.95715025650439,6.28245410299044,0.995961005074485,23,"p02","s16","02M","#414487FF","#FCFFA4FF","sample","B96",18294,2,16,"2 16",2,16,12
"GBP23021602M_16S_B96","Simpson diversity",3.33268674516265,3.33313287523369,0.032388067252122,3.26965342989067,3.39661232057671,0.99986615292947,23,"p02","s16","02M","#414487FF","#FCFFA4FF","sample","B96",18294,2,16,"2 16",2,16,12
"GBP23021603M_16S_B96","Species richness",47,100.997548129313,48.9627403467109,47,196.962755793253,0.465357831655705,23,"p02","s16","03M","#414487FF","#FCFFA4FF","sample","B96",24723,2,16,"2 16",2,16,12
"GBP23021603M_16S_B96","Shannon diversity",3.55027876225921,3.55762885028533,0.0264340425780786,3.50581907886649,3.60943862170416,0.99793399246087,23,"p02","s16","03M","#414487FF","#FCFFA4FF","sample","B96",24723,2,16,"2 16",2,16,12
"GBP23021603M_16S_B96","Simpson diversity",2.62583038696295,2.6260242511061,0.0183566592327642,2.5900458601334,2.66200264207879,0.999926175798619,23,"p02","s16","03M","#414487FF","#FCFFA4FF","sample","B96",24723,2,16,"2 16",2,16,12
"GBP23021604M_16S_B96","Species richness",33,49.6659981012743,18.0352760430928,33,85.0144895969741,0.664438474239649,23,"p02","s16","04M","#414487FF","#FCFFA4FF","sample","B96",28061,2,16,"2 16",2,16,12
"GBP23021604M_16S_B96","Shannon diversity",3.62213535715576,3.62581865910935,0.0200202025115385,3.58657978322354,3.66505753499517,0.998984146119846,23,"p02","s16","04M","#414487FF","#FCFFA4FF","sample","B96",28061,2,16,"2 16",2,16,12
"GBP23021604M_16S_B96","Simpson diversity",2.98036953529675,2.98060632533057,0.0143314025065277,2.95251729256983,3.00869535809132,0.999920556421085,23,"p02","s16","04M","#414487FF","#FCFFA4FF","sample","B96",28061,2,16,"2 16",2,16,12
"GBP23021605M_16S_B96","Species richness",41,57.8994352170571,20.2965067148982,41,97.6798573902329,0.708124351235838,23,"p02","s16","05M","#414487FF","#FCFFA4FF","sample","B96",35163,2,16,"2 16",2,16,12
"GBP23021605M_16S_B96","Shannon diversity",2.81069773830715,2.81357476941513,0.0143192455335563,2.78550956388357,2.84163997494668,0.998977446364939,23,"p02","s16","05M","#414487FF","#FCFFA4FF","sample","B96",35163,2,16,"2 16",2,16,12
"GBP23021605M_16S_B96","Simpson diversity",2.36707706084955,2.36718521286492,0.0101428818928806,2.34730552965543,2.3870648960744,0.99995431197577,23,"p02","s16","05M","#414487FF","#FCFFA4FF","sample","B96",35163,2,16,"2 16",2,16,12
"GBP23030101M_16S_B96","Species richness",53,83.0818138195777,21.4985940393761,53,125.218283855002,0.637925408261981,23,"p03","s01","01M","#2A788EFF","#000004FF","sample","B96",24796,3,1,"3 1",3,1,22
"GBP23030101M_16S_B96","Shannon diversity",3.40962711877467,3.41709087322444,0.0204677803337531,3.3769747609268,3.45720698552207,0.997815757693702,23,"p03","s01","01M","#2A788EFF","#000004FF","sample","B96",24796,3,1,"3 1",3,1,22
"GBP23030101M_16S_B96","Simpson diversity",2.98444302493254,2.98474221424749,0.0113189855123898,2.96255741030168,3.00692701819331,0.999899760416988,23,"p03","s01","01M","#2A788EFF","#000004FF","sample","B96",24796,3,1,"3 1",3,1,22
"GBP23030102M_16S_B96","Species richness",39,183.487193122397,66.999790980007,52.1700158298713,314.804370414922,0.212548894210752,23,"p03","s01","02M","#2A788EFF","#000004FF","sample","B96",13050,3,1,"3 1",3,1,22
"GBP23030102M_16S_B96","Shannon diversity",2.91775134825323,2.93140686326614,0.0309106928905499,2.87082301846348,2.99199070806879,0.995341651415221,23,"p03","s01","02M","#2A788EFF","#000004FF","sample","B96",13050,3,1,"3 1",3,1,22
"GBP23030102M_16S_B96","Simpson diversity",2.31106254541688,2.31133114138297,0.0150789335278544,2.28177697474311,2.34088530802284,0.999883791655256,23,"p03","s01","02M","#2A788EFF","#000004FF","sample","B96",13050,3,1,"3 1",3,1,22
"GBP23030201M_16S_B96","Species richness",41,54.9994066790982,11.0406122738102,41,76.638609103037,0.745462587246083,23,"p03","s02","01M","#2A788EFF","#0C0826FF","sample","B96",26865,3,2,"3 2",3,2,14
"GBP23030201M_16S_B96","Shannon diversity",3.40385036741952,3.40817532645783,0.019722534769538,3.3695198686257,3.44683078428997,0.998731004533501,23,"p03","s02","01M","#2A788EFF","#0C0826FF","sample","B96",26865,3,2,"3 2",3,2,14
"GBP23030201M_16S_B96","Simpson diversity",2.83128920601329,2.83150896917549,0.0163765915536561,2.7994114395408,2.86360649881018,0.999922386556217,23,"p03","s02","01M","#2A788EFF","#0C0826FF","sample","B96",26865,3,2,"3 2",3,2,14
"GBP23030501M_16S_B96","Species richness",28,40.499318689704,11.4409100386688,28,62.9230903158576,0.691369655241097,23,"p03","s05","01M","#2A788EFF","#5D126EFF","sample","B96",21346,3,5,"3 5",3,5,13
"GBP23030501M_16S_B96","Shannon diversity",2.78400782168304,2.78727127530609,0.0143662050930594,2.75911403072917,2.815428519883,0.998829158233732,23,"p03","s05","01M","#2A788EFF","#5D126EFF","sample","B96",21346,3,5,"3 5",3,5,13
"GBP23030501M_16S_B96","Simpson diversity",2.43047324038943,2.43066276388447,0.0156071950117173,2.40007322376182,2.46125230400713,0.999922028058411,23,"p03","s05","01M","#2A788EFF","#5D126EFF","sample","B96",21346,3,5,"3 5",3,5,13
"GBP23031301M_16S_B96","Species richness",33,45.0990188128446,12.6275105567529,33,69.8484847184797,0.73172323630689,23,"p03","s13","01M","#2A788EFF","#FCA50AFF","sample","B96",14355,3,13,"3 13",3,13,22
"GBP23031301M_16S_B96","Shannon diversity",3.51450594125909,3.52141130943384,0.0274173630432333,3.46767426531804,3.57514835354964,0.998039033907726,23,"p03","s13","01M","#2A788EFF","#FCA50AFF","sample","B96",14355,3,13,"3 13",3,13,22
"GBP23031301M_16S_B96","Simpson diversity",2.87040802020392,2.8708434795072,0.0182372321949791,2.83509916122735,2.90658779778705,0.999848316598803,23,"p03","s13","01M","#2A788EFF","#FCA50AFF","sample","B96",14355,3,13,"3 13",3,13,22
"GBP23031401M_16S_B96","Species richness",41,51.5618848640149,11.3385780509989,41,73.7850894798692,0.795161001350708,23,"p03","s14","01M","#2A788EFF","#FAC62DFF","sample","B96",20476,3,14,"3 14",3,14,22
"GBP23031401M_16S_B96","Shannon diversity",3.31643400708831,3.32189518103738,0.0234424257076777,3.27594887094007,3.36784149113468,0.998356006541011,23,"p03","s14","01M","#2A788EFF","#FAC62DFF","sample","B96",20476,3,14,"3 14",3,14,22
"GBP23031401M_16S_B96","Simpson diversity",2.82828388432991,2.82858507573989,0.0170362658884777,2.79519460816743,2.86197554331236,0.999893518702136,23,"p03","s14","01M","#2A788EFF","#FAC62DFF","sample","B96",20476,3,14,"3 14",3,14,22
"GBP23031402M_16S_B96","Species richness",44,86.6644788568694,40.5127223731804,44,166.067955623973,0.507705124179748,23,"p03","s14","02M","#2A788EFF","#FAC62DFF","sample","B96",22846,3,14,"3 14",3,14,22
"GBP23031402M_16S_B96","Shannon diversity",2.59522636212086,2.60061799457732,0.0170704093597289,2.5671606070309,2.63407538212375,0.997926787991275,23,"p03","s14","02M","#2A788EFF","#FAC62DFF","sample","B96",22846,3,14,"3 14",3,14,22
"GBP23031402M_16S_B96","Simpson diversity",2.23749958141895,2.23764157826611,0.00844124975803916,2.22109703275584,2.25418612377637,0.999936541737276,23,"p03","s14","02M","#2A788EFF","#FAC62DFF","sample","B96",22846,3,14,"3 14",3,14,22
"GBP23031403M_16S_B48","Species richness",19,50.9950662966389,22.305919522613,19,94.7138652030092,0.37258506321919,23,"p03","s14","03M","#2A788EFF","#FAC62DFF","sample","B48",7608,3,14,"3 14",3,14,22
"GBP23031403M_16S_B48","Shannon diversity",2.77158496793116,2.78035683804334,0.0340763620805415,2.71356839564133,2.84714528044535,0.996845056004267,23,"p03","s14","03M","#2A788EFF","#FAC62DFF","sample","B48",7608,3,14,"3 14",3,14,22
"GBP23031403M_16S_B48","Simpson diversity",2.265931224557,2.26637364138956,0.0221253382961747,2.22300877518329,2.30973850759583,0.999804790867455,23,"p03","s14","03M","#2A788EFF","#FAC62DFF","sample","B48",7608,3,14,"3 14",3,14,22
"GBP23031404M_16S_B96","Species richness",51,104.998666040859,34.8950324871965,51,173.391672955119,0.485720456488029,23,"p03","s14","04M","#2A788EFF","#FAC62DFF","sample","B96",45839,3,14,"3 14",3,14,22
"GBP23031404M_16S_B96","Shannon diversity",3.14729906902154,3.15099960861012,0.012454525681743,3.12658918682938,3.17541003039087,0.998825598207482,23,"p03","s14","04M","#2A788EFF","#FAC62DFF","sample","B96",45839,3,14,"3 14",3,14,22
"GBP23031404M_16S_B96","Simpson diversity",2.62980636046909,2.62991224603496,0.00767626453319584,2.61486704401409,2.64495744805582,0.999959737985163,23,"p03","s14","04M","#2A788EFF","#FAC62DFF","sample","B96",45839,3,14,"3 14",3,14,22
"GBP23031405M_16S_B48","Species richness",33,64.9970298867644,20.9617573735947,33,106.081319391677,0.50771550726997,23,"p03","s14","05M","#2A788EFF","#FAC62DFF","sample","B48",12414,3,14,"3 14",3,14,22
"GBP23031405M_16S_B48","Shannon diversity",3.18283954655084,3.19239855728953,0.0345950837272544,3.12459343914197,3.2602036754371,0.997005696322952,23,"p03","s14","05M","#2A788EFF","#FAC62DFF","sample","B48",12414,3,14,"3 14",3,14,22
"GBP23031405M_16S_B48","Simpson diversity",2.33757812814968,2.33786839842129,0.0265079918689148,2.28591368905574,2.38982310778685,0.999875839772756,23,"p03","s14","05M","#2A788EFF","#FAC62DFF","sample","B48",12414,3,14,"3 14",3,14,22
"GBP23031601M_16S_B96","Species richness",48,61.9993894195124,12.3967853291432,48,86.2966421887077,0.774201172776283,23,"p03","s16","01M","#2A788EFF","#FCFFA4FF","sample","B96",25928,3,16,"3 16",3,16,26
"GBP23031601M_16S_B96","Shannon diversity",4.81274596509695,4.81977558217507,0.0297705651618628,4.76142634665842,4.87812481769173,0.99854150531321,23,"p03","s16","01M","#2A788EFF","#FCFFA4FF","sample","B96",25928,3,16,"3 16",3,16,26
"GBP23031601M_16S_B96","Simpson diversity",3.71606185671693,3.71650211533679,0.0206788883696659,3.67597223889192,3.75703199178166,0.99988153952125,23,"p03","s16","01M","#2A788EFF","#FCFFA4FF","sample","B96",25928,3,16,"3 16",3,16,26
"GBP23040101M_16S_B96","Species richness",83,125.248954725383,18.5227504560019,88.9450309369969,161.55287851377,0.662680181099978,23,"p04","s01","01M","#22A884FF","#000004FF","sample","B96",45612,4,1,"4 1",4,1,34
"GBP23040101M_16S_B96","Shannon diversity",5.25529232527825,5.26375335784626,0.0309594794991509,5.20307389304782,5.3244328226447,0.998392585671706,23,"p04","s01","01M","#22A884FF","#000004FF","sample","B96",45612,4,1,"4 1",4,1,34
"GBP23040101M_16S_B96","Simpson diversity",3.87849738488216,3.87877361734,0.0202645462755422,3.8390558364769,3.91849139820311,0.999928783557614,23,"p04","s01","01M","#22A884FF","#000004FF","sample","B96",45612,4,1,"4 1",4,1,34
"GBP23040201M_16S_B96","Species richness",65,117.898188170017,28.4642363809133,65,173.687066324042,0.551323145918625,23,"p04","s02","01M","#22A884FF","#0C0826FF","sample","B96",33737,4,2,"4 2",4,2,23
"GBP23040201M_16S_B96","Shannon diversity",4.73308569683459,4.74240078288517,0.0281139466569577,4.68729845997425,4.79750310579609,0.998035786835183,23,"p04","s02","01M","#22A884FF","#0C0826FF","sample","B96",33737,4,2,"4 2",4,2,23
"GBP23040201M_16S_B96","Simpson diversity",3.51065776121742,3.51095967991074,0.0205396581345581,3.47070268971224,3.55121667010924,0.999914006789925,23,"p04","s02","01M","#22A884FF","#0C0826FF","sample","B96",33737,4,2,"4 2",4,2,23
"GBP23040202M_16S_B96","Species richness",56,80.9993084370678,11.8728477475647,57.7289544579134,104.269662416222,0.691363927427961,23,"p04","s02","02M","#22A884FF","#0C0826FF","sample","B96",45670,4,2,"4 2",4,2,23
"GBP23040202M_16S_B96","Shannon diversity",4.13228449304843,4.13725589914909,0.0195047435081784,4.09902730434536,4.17548449395281,0.998798380805578,23,"p04","s02","02M","#22A884FF","#0C0826FF","sample","B96",45670,4,2,"4 2",4,2,23
"GBP23040202M_16S_B96","Simpson diversity",3.46447317365003,3.46470938165924,0.0153800900455712,3.43456495909094,3.49485380422755,0.999931824582325,23,"p04","s02","02M","#22A884FF","#0C0826FF","sample","B96",45670,4,2,"4 2",4,2,23
"GBP23040203M_16S_B96","Species richness",54,114.067400716489,36.4358267683825,54,185.480308929459,0.47340431762985,23,"p04","s02","03M","#22A884FF","#0C0826FF","sample","B96",17696,4,2,"4 2",4,2,23
"GBP23040203M_16S_B96","Shannon diversity",5.60394385122422,5.6252137681202,0.0386846388468431,5.54939326922544,5.70103426701495,0.99621882513754,23,"p04","s02","03M","#22A884FF","#0C0826FF","sample","B96",17696,4,2,"4 2",4,2,23
"GBP23040203M_16S_B96","Simpson diversity",4.66873008635163,4.66987891792714,0.0303210901123264,4.61045067333499,4.7293071625193,0.999753991142875,23,"p04","s02","03M","#22A884FF","#0C0826FF","sample","B96",17696,4,2,"4 2",4,2,23
"GBP23040301M_16S_B96","Species richness",28,30.6665719764221,4.05642586928201,28,38.6170205861714,0.913046297497082,23,"p04","s03","01M","#22A884FF","#240C4FFF","sample","B96",34045,4,3,"4 3",4,3,24
"GBP23040301M_16S_B96","Shannon diversity",3.08525085704,3.08699776121022,0.0159346905349397,3.05576634165694,3.11822918076349,0.999434109025872,23,"p04","s03","01M","#22A884FF","#240C4FFF","sample","B96",34045,4,3,"4 3",4,3,24
"GBP23040301M_16S_B96","Simpson diversity",2.63888754077183,2.6390411252191,0.0132237441515546,2.61312306294128,2.66495918749692,0.999941802935242,23,"p04","s03","01M","#22A884FF","#240C4FFF","sample","B96",34045,4,3,"4 3",4,3,24
"GBP23040401M_16S_B96","Species richness",35,49.0825597788275,18.3315930450384,35,85.0118219263477,0.713084243318088,23,"p04","s04","01M","#22A884FF","#420A68FF","sample","B96",22764,4,4,"4 4",4,4,18
"GBP23040401M_16S_B96","Shannon diversity",2.93681744144829,2.94109843294091,0.0279912847285373,2.88623652299197,2.99596034288985,0.998544424272009,23,"p04","s04","01M","#22A884FF","#420A68FF","sample","B96",22764,4,4,"4 4",4,4,18
"GBP23040401M_16S_B96","Simpson diversity",1.98764404685566,1.98775188488454,0.0161476439731484,1.956103084262,2.01940068550709,0.999945748747766,23,"p04","s04","01M","#22A884FF","#420A68FF","sample","B96",22764,4,4,"4 4",4,4,18
"GBP23040402M_16S_B48","Species richness",25,31.3996499288918,9.6595784247585,25,50.3320757472586,0.796187220450401,23,"p04","s04","02M","#22A884FF","#420A68FF","sample","B48",31025,4,4,"4 4",4,4,18
"GBP23040402M_16S_B48","Shannon diversity",4.25052900895251,4.25447255279466,0.0228596189448257,4.20966852296249,4.29927658262683,0.999073082786828,23,"p04","s04","02M","#22A884FF","#420A68FF","sample","B48",31025,4,4,"4 4",4,4,18
"GBP23040402M_16S_B48","Simpson diversity",3.60279478068735,3.60330780900958,0.0209261900708296,3.56229323013712,3.64432238788205,0.999857622953846,23,"p04","s04","02M","#22A884FF","#420A68FF","sample","B48",31025,4,4,"4 4",4,4,18
"GBP23040403M_16S_B48","Species richness",44,65.1245861819037,25.0590347178056,44,114.239391716141,0.67562809346843,23,"p04","s04","03M","#22A884FF","#420A68FF","sample","B48",63276,4,4,"4 4",4,4,18
"GBP23040403M_16S_B48","Shannon diversity",3.98143232573431,3.98404838633165,0.0161989071932005,3.95229911164407,4.01579766101923,0.999343366258724,23,"p04","s04","03M","#22A884FF","#420A68FF","sample","B48",63276,4,4,"4 4",4,4,18
"GBP23040403M_16S_B48","Simpson diversity",3.29734272618675,3.29749112509075,0.0115583334257663,3.27483720785494,3.32014504232655,0.999954996420499,23,"p04","s04","03M","#22A884FF","#420A68FF","sample","B48",63276,4,4,"4 4",4,4,18
"GBP23040701M_16S_B96","Species richness",49,65.33232160555,13.4096688155024,49,91.6147895285447,0.750011614401858,23,"p04","s07","01M","#22A884FF","#932667FF","sample","B96",20527,4,7,"4 7",4,7,10
"GBP23040701M_16S_B96","Shannon diversity",5.04334718173645,5.0542681900576,0.0374569232229583,4.98085396956892,5.12768241054628,0.997839250330515,23,"p04","s07","01M","#22A884FF","#932667FF","sample","B96",20527,4,7,"4 7",4,7,10
"GBP23040701M_16S_B96","Simpson diversity",4.13310636634042,4.13390869401476,0.0288720773452778,4.07732046225916,4.19049692577036,0.999805915482481,23,"p04","s07","01M","#22A884FF","#932667FF","sample","B96",20527,4,7,"4 7",4,7,10
"GBP23040702M_16S_B48","Species richness",65,76.2496968880507,19.6181483469556,65,114.700561091448,0.852462405134969,23,"p04","s07","02M","#22A884FF","#932667FF","sample","B48",45060,4,7,"4 7",4,7,10
"GBP23040702M_16S_B48","Shannon diversity",4.73817885800177,4.74345063506781,0.0262701305320961,4.69196212535574,4.79493914477988,0.998888619810425,23,"p04","s07","02M","#22A884FF","#932667FF","sample","B48",45060,4,7,"4 7",4,7,10
"GBP23040702M_16S_B48","Simpson diversity",3.5221921866044,3.52243156391131,0.0154784735867416,3.49209431314564,3.55276881467698,0.999932042027627,23,"p04","s07","02M","#22A884FF","#932667FF","sample","B48",45060,4,7,"4 7",4,7,10
"GBP23041101M_16S_B48","Species richness",115,154.382112390311,14.2115907687267,126.527906320585,182.236318460037,0.744904951871987,23,"p04","s11","01M","#22A884FF","#ED6925FF","sample","B48",16974,4,11,"4 11",4,11,9
"GBP23041101M_16S_B48","Shannon diversity",5.24470913063354,5.27235631104246,0.0701649006993569,5.13483563269289,5.40987698939203,0.9947562003063,23,"p04","s11","01M","#22A884FF","#ED6925FF","sample","B48",16974,4,11,"4 11",4,11,9
"GBP23041101M_16S_B48","Simpson diversity",3.15986118727997,3.16029501202491,0.0292147297551563,3.10303519388673,3.21755483016309,0.999862726503923,23,"p04","s11","01M","#22A884FF","#ED6925FF","sample","B48",16974,4,11,"4 11",4,11,9
"GBP23041102M_16S_B48","Species richness",58,80.2217883808607,17.5049732167646,58,114.530905436058,0.722995599707145,23,"p04","s11","02M","#22A884FF","#ED6925FF","sample","B48",60180,4,11,"4 11",4,11,9
"GBP23041102M_16S_B48","Shannon diversity",3.01498235035678,3.01754261014568,0.0100605275588922,2.99782433846478,3.03726088182658,0.999151541462814,23,"p04","s11","02M","#22A884FF","#ED6925FF","sample","B48",60180,4,11,"4 11",4,11,9
"GBP23041102M_16S_B48","Simpson diversity",2.71583341871336,2.71592439846471,0.00746417594980894,2.70129488242882,2.73055391450061,0.999966501368224,23,"p04","s11","02M","#22A884FF","#ED6925FF","sample","B48",60180,4,11,"4 11",4,11,9
"GBP23041103M_16S_B96","Species richness",26,29.999824684432,5.06673127739597,26,39.9304355074707,0.866671731368229,23,"p04","s11","03M","#22A884FF","#ED6925FF","sample","B96",26853,4,11,"4 11",4,11,9
"GBP23041103M_16S_B96","Shannon diversity",2.11131211577873,2.11274750972973,0.00932684377231416,2.09446723184656,2.13102778761289,0.999320603174593,23,"p04","s11","03M","#22A884FF","#ED6925FF","sample","B96",26853,4,11,"4 11",4,11,9
"GBP23041103M_16S_B96","Simpson diversity",2.00872299304431,2.00881180894001,0.00346770826849479,2.00201522562487,2.01560839225515,0.999955786851062,23,"p04","s11","03M","#22A884FF","#ED6925FF","sample","B96",26853,4,11,"4 11",4,11,9
"GBP23041104M_16S_B48","Species richness",22,42.1581431389124,25.2279825921955,22,91.6040804222189,0.521844615582554,23,"p04","s11","04M","#22A884FF","#ED6925FF","sample","B48",2676,4,11,"4 11",4,11,9
"GBP23041104M_16S_B48","Shannon diversity",3.09563260324915,3.12349740574588,0.0751822756106501,2.97614285327324,3.27085195821852,0.991078973702534,23,"p04","s11","04M","#22A884FF","#ED6925FF","sample","B48",2676,4,11,"4 11",4,11,9
"GBP23041104M_16S_B48","Simpson diversity",2.35196179019395,2.35330706767222,0.0541781482558215,2.24711984834174,2.4594942870027,0.999428345966087,23,"p04","s11","04M","#22A884FF","#ED6925FF","sample","B48",2676,4,11,"4 11",4,11,9
"GBP23041105M_16S_B96","Species richness",37,79.2476705078017,41.985942213897,37,161.53860510402,0.466890695498203,23,"p04","s11","05M","#22A884FF","#ED6925FF","sample","B96",20399,4,11,"4 11",4,11,9
"GBP23041105M_16S_B96","Shannon diversity",2.52120660783669,2.5260683695699,0.0171374674824304,2.49247955051811,2.55965718862169,0.998075364154125,23,"p04","s11","05M","#22A884FF","#ED6925FF","sample","B96",20399,4,11,"4 11",4,11,9
"GBP23041105M_16S_B96","Simpson diversity",2.14518303324676,2.14531849764599,0.00723883601919368,2.13113063975838,2.1595063555336,0.999936855809815,23,"p04","s11","05M","#22A884FF","#ED6925FF","sample","B96",20399,4,11,"4 11",4,11,9
"GBP23041301M_16S_B96","Species richness",44,51.9997130971166,10.4271712798573,44,72.4365932662674,0.846158514717647,23,"p04","s13","01M","#22A884FF","#FCA50AFF","sample","B96",34425,4,13,"4 13",4,13,37
"GBP23041301M_16S_B96","Shannon diversity",5.62385532395565,5.62958827132689,0.0282663367323727,5.57418726935656,5.68498927329723,0.998981640025,23,"p04","s13","01M","#22A884FF","#FCA50AFF","sample","B96",34425,4,13,"4 13",4,13,37
"GBP23041301M_16S_B96","Simpson diversity",4.74835838736935,4.74899680296299,0.025372732841328,4.69926716040463,4.79872644552135,0.999865568325243,23,"p04","s13","01M","#22A884FF","#FCA50AFF","sample","B96",34425,4,13,"4 13",4,13,37
"GBP23041302M_16S_B48","Species richness",42,58.3327395666715,16.8517951850599,42,91.3616512042343,0.720007328851682,23,"p04","s13","02M","#22A884FF","#FCA50AFF","sample","B48",32475,4,13,"4 13",4,13,37
"GBP23041302M_16S_B48","Shannon diversity",3.18678571585926,3.19041459904353,0.0174740380476234,3.15616611380571,3.22466308428136,0.998862566894796,23,"p04","s13","02M","#22A884FF","#FCA50AFF","sample","B48",32475,4,13,"4 13",4,13,37
"GBP23041302M_16S_B48","Simpson diversity",2.59576370055176,2.59591429733822,0.0116605335021537,2.57306007163347,2.61876852304296,0.999941986996022,23,"p04","s13","02M","#22A884FF","#FCA50AFF","sample","B48",32475,4,13,"4 13",4,13,37
"GBP23041401M_16S_B96","Species richness",34,62.1649382261496,36.0197222985003,34,132.762296664344,0.546932096615484,23,"p04","s14","01M","#22A884FF","#FAC62DFF","sample","B96",19357,4,14,"4 14",4,14,27
"GBP23041401M_16S_B96","Shannon diversity",4.28736455739153,4.29535711115972,0.0346066253093489,4.22752937192693,4.36318485039252,0.99813925744441,23,"p04","s14","01M","#22A884FF","#FAC62DFF","sample","B96",19357,4,14,"4 14",4,14,27
"GBP23041401M_16S_B96","Simpson diversity",3.18929410212486,3.18972265327504,0.027203064792654,3.13640562601233,3.24303968053775,0.999865646265597,23,"p04","s14","01M","#22A884FF","#FAC62DFF","sample","B96",19357,4,14,"4 14",4,14,27
"GBP23041402M_16S_B96","Species richness",42,79.4987866826285,33.883308055169,42,145.908850147836,0.52830994978163,23,"p04","s14","02M","#22A884FF","#FAC62DFF","sample","B96",37545,4,14,"4 14",4,14,27
"GBP23041402M_16S_B96","Shannon diversity",4.10961908499172,4.11464222224194,0.0198393821459258,4.0757577477604,4.15352669672348,0.998779204368471,23,"p04","s14","02M","#22A884FF","#FAC62DFF","sample","B96",37545,4,14,"4 14",4,14,27
"GBP23041402M_16S_B96","Simpson diversity",3.47686730567484,3.47714597095579,0.0159752057385607,3.4458351430626,3.50845679884899,0.999919858043558,23,"p04","s14","02M","#22A884FF","#FAC62DFF","sample","B96",37545,4,14,"4 14",4,14,27
"GBP23041403M_16S_B96","Species richness",51,77.9992726684985,20.9305946785553,51,119.022484413473,0.653852250863326,23,"p04","s14","03M","#22A884FF","#FAC62DFF","sample","B96",41838,4,14,"4 14",4,14,27
"GBP23041403M_16S_B96","Shannon diversity",3.80873489241692,3.81292194869062,0.0237232162754732,3.76642529919324,3.859418598188,0.998901877266295,23,"p04","s14","03M","#22A884FF","#FAC62DFF","sample","B96",41838,4,14,"4 14",4,14,27
"GBP23041403M_16S_B96","Simpson diversity",2.84891657503075,2.84905848046023,0.0158038544178189,2.81808349498439,2.88003346593607,0.99995019216683,23,"p04","s14","03M","#22A884FF","#FAC62DFF","sample","B96",41838,4,14,"4 14",4,14,27
"GBP23041404M_16S_B96","Species richness",62,89.5614713565964,20.3388061310413,62,129.42479886198,0.692261963329543,23,"p04","s14","04M","#22A884FF","#FAC62DFF","sample","B96",35216,4,14,"4 14",4,14,27
"GBP23041404M_16S_B96","Shannon diversity",5.37164465051845,5.38121717817521,0.0347952884643616,5.31301966595338,5.44941469039705,0.998221122222015,23,"p04","s14","04M","#22A884FF","#FAC62DFF","sample","B96",35216,4,14,"4 14",4,14,27
"GBP23041404M_16S_B96","Simpson diversity",4.10218638770103,4.10266139032544,0.025495008857548,4.05269209117911,4.15263068947176,0.999884220855875,23,"p04","s14","04M","#22A884FF","#FAC62DFF","sample","B96",35216,4,14,"4 14",4,14,27
"GBP23041405M_16S_B96","Species richness",69,94.7852353445325,17.5093760165627,69,129.102981728765,0.727961477852469,23,"p04","s14","05M","#22A884FF","#FAC62DFF","sample","B96",62174,4,14,"4 14",4,14,27
"GBP23041405M_16S_B96","Shannon diversity",5.13823514487464,5.14300932211061,0.0209540862692587,5.10194006769392,5.1840785765273,0.999071715228001,23,"p04","s14","05M","#22A884FF","#FAC62DFF","sample","B96",62174,4,14,"4 14",4,14,27
"GBP23041405M_16S_B96","Simpson diversity",4.04739657065109,4.0476256787274,0.0162575248209818,4.01576151560051,4.07948984185429,0.999943396920938,23,"p04","s14","05M","#22A884FF","#FAC62DFF","sample","B96",62174,4,14,"4 14",4,14,27
"GBP23041406M_16S_B96","Species richness",41,73.6651795875632,26.4804027709999,41,125.565815314838,0.556572321272424,23,"p04","s14","06M","#22A884FF","#FAC62DFF","sample","B96",28992,4,14,"4 14",4,14,27
"GBP23041406M_16S_B96","Shannon diversity",4.99470802077665,5.00279758981969,0.0317417407904857,4.94058492106373,5.06501025857565,0.998382990937011,23,"p04","s14","06M","#22A884FF","#FAC62DFF","sample","B96",28992,4,14,"4 14",4,14,27
"GBP23041406M_16S_B96","Simpson diversity",3.9465484214026,3.94707788767407,0.0272064013244628,3.89375432092918,4.00040145441896,0.999865858671518,23,"p04","s14","06M","#22A884FF","#FAC62DFF","sample","B96",28992,4,14,"4 14",4,14,27
"GBP23050301M_16S_B96","Species richness",57,85.8989653073646,16.7347486454192,57,118.698469942717,0.663570274636511,23,"p05","s03","01M","#7AD151FF","#240C4FFF","sample","B96",32960,5,3,"5 3",5,3,23
"GBP23050301M_16S_B96","Shannon diversity",3.61047386174614,3.61618720341357,0.0201900060194467,3.57661551876781,3.65575888805934,0.998420064740553,23,"p05","s03","01M","#7AD151FF","#240C4FFF","sample","B96",32960,5,3,"5 3",5,3,23
"GBP23050301M_16S_B96","Simpson diversity",2.8533430712309,2.85353242227075,0.0117217810800894,2.83055815351911,2.87650669102239,0.999933643284241,23,"p05","s03","01M","#7AD151FF","#240C4FFF","sample","B96",32960,5,3,"5 3",5,3,23
"GBP23050401M_16S_B48","Species richness",44,69.5990807899461,26.9160394057098,44,122.353548631598,0.632192257435043,23,"p05","s04","01M","#7AD151FF","#420A68FF","sample","B48",32205,5,4,"5 4",5,4,19
"GBP23050401M_16S_B48","Shannon diversity",3.48100734847322,3.48552319672814,0.0236446826138441,3.43918047037912,3.53186592307715,0.99870439873728,23,"p05","s04","01M","#7AD151FF","#420A68FF","sample","B48",32205,5,4,"5 4",5,4,19
"GBP23050401M_16S_B48","Simpson diversity",2.58956067661455,2.58970849157315,0.0163359029891442,2.55769071005948,2.62172627308681,0.999942922163216,23,"p05","s04","01M","#7AD151FF","#420A68FF","sample","B48",32205,5,4,"5 4",5,4,19
"GBP23050402M_16S_B48","Species richness",59,82.1420554920503,22.4420496401259,59,126.127664525957,0.718267879304652,23,"p05","s04","02M","#7AD151FF","#420A68FF","sample","B48",32428,5,4,"5 4",5,4,19
"GBP23050402M_16S_B48","Shannon diversity",3.7221611636097,3.72780076101966,0.0226977833384841,3.68331392314734,3.77228759889198,0.998487151601842,23,"p05","s04","02M","#7AD151FF","#420A68FF","sample","B48",32428,5,4,"5 4",5,4,19
"GBP23050402M_16S_B48","Simpson diversity",2.92856572272327,2.92876138258238,0.0124072209799896,2.90444367631337,2.95307908885139,0.99993319364962,23,"p05","s04","02M","#7AD151FF","#420A68FF","sample","B48",32428,5,4,"5 4",5,4,19
"GBP23050403M_16S_B48","Species richness",82,94.4995654743282,9.54469058467007,82,113.20681526386,0.867728857676876,23,"p05","s04","03M","#7AD151FF","#420A68FF","sample","B48",37374,5,4,"5 4",5,4,19
"GBP23050403M_16S_B48","Shannon diversity",4.84627344109049,4.85479892136221,0.0362921531875313,4.78366760819323,4.92593023453118,0.998243906614916,23,"p05","s04","03M","#7AD151FF","#420A68FF","sample","B48",37374,5,4,"5 4",5,4,19
"GBP23050403M_16S_B48","Simpson diversity",3.14076148428994,3.14099523669299,0.0182923435373731,3.1051429021669,3.17684757121907,0.999925580147237,23,"p05","s04","03M","#7AD151FF","#420A68FF","sample","B48",37374,5,4,"5 4",5,4,19
"GBP23050501M_16S_B96","Species richness",66,103.784338759166,24.0484473322548,66,150.918429414494,0.635934099393885,23,"p05","s05","01M","#7AD151FF","#5D126EFF","sample","B96",32059,5,5,"5 5",5,5,15
"GBP23050501M_16S_B96","Shannon diversity",3.85255793270155,3.8601087100787,0.0288119521967444,3.80363832144879,3.91657909870861,0.998043895147968,23,"p05","s05","01M","#7AD151FF","#5D126EFF","sample","B96",32059,5,5,"5 5",5,5,15
"GBP23050501M_16S_B96","Simpson diversity",2.60760241603717,2.60775503292498,0.0176048385114268,2.57325018348894,2.64225988236102,0.999941475757545,23,"p05","s05","01M","#7AD151FF","#5D126EFF","sample","B96",32059,5,5,"5 5",5,5,15
"GBP23050502M_16S_B48","Species richness",41,53.499590325118,21.2681979929864,41,95.1844924074383,0.766361008576743,23,"p05","s05","02M","#7AD151FF","#5D126EFF","sample","B48",35593,5,5,"5 5",5,5,15
"GBP23050502M_16S_B48","Shannon diversity",4.19467350475541,4.1985362902306,0.029087099295399,4.14152662319688,4.25554595726432,0.99907996853947,23,"p05","s05","02M","#7AD151FF","#5D126EFF","sample","B48",35593,5,5,"5 5",5,5,15
"GBP23050502M_16S_B48","Simpson diversity",3.00099846519999,3.00119529215334,0.0188939527987164,2.96416382514226,3.03822675916443,0.999934417145773,23,"p05","s05","02M","#7AD151FF","#5D126EFF","sample","B48",35593,5,5,"5 5",5,5,15
"GBP23050701M_16S_B48","Species richness",54,72.7495818931876,10.4656271362684,54,93.2618341558987,0.742272307204237,23,"p05","s07","01M","#7AD151FF","#932667FF","sample","B48",54278,5,7,"5 7",5,7,10
"GBP23050701M_16S_B48","Shannon diversity",3.24612948853204,3.24892949179294,0.0157937840304281,3.21797424391369,3.27988473967218,0.999138176661584,23,"p05","s07","01M","#7AD151FF","#932667FF","sample","B48",54278,5,7,"5 7",5,7,10
"GBP23050701M_16S_B48","Simpson diversity",2.600128910965,2.60022169238291,0.00823437792719685,2.58408260821052,2.61636077655531,0.999964317881746,23,"p05","s07","01M","#7AD151FF","#932667FF","sample","B48",54278,5,7,"5 7",5,7,10
"GBP23050702M_16S_B96","Species richness",56,78.5615047858498,16.1211541884986,56,110.158386384524,0.712817303495522,23,"p05","s07","02M","#7AD151FF","#932667FF","sample","B96",26142,5,7,"5 7",5,7,10
"GBP23050702M_16S_B96","Shannon diversity",3.83610391248667,3.84326369667693,0.0277932889797394,3.78878985126473,3.89773754208914,0.998137056222176,23,"p05","s07","02M","#7AD151FF","#932667FF","sample","B96",26142,5,7,"5 7",5,7,10
"GBP23050702M_16S_B96","Simpson diversity",2.90704879110002,2.90729335882325,0.0183079205916386,2.87141049383182,2.94317622381468,0.999915877865407,23,"p05","s07","02M","#7AD151FF","#932667FF","sample","B96",26142,5,7,"5 7",5,7,10
"GBP23051501M_16S_B96","Species richness",50,60.082733670334,13.095999117585,50,85.750420282369,0.832185836855283,23,"p05","s15","01M","#7AD151FF","#F2E661FF","sample","B96",22560,5,15,"5 15",5,15,28
"GBP23051501M_16S_B96","Shannon diversity",7.0825254710805,7.09601913075007,0.0539865395139257,6.99020745765283,7.20183080384731,0.998098418363741,23,"p05","s15","01M","#7AD151FF","#F2E661FF","sample","B96",22560,5,15,"5 15",5,15,28
"GBP23051501M_16S_B96","Simpson diversity",5.20026993400737,5.20156932708779,0.0323258439426675,5.1382118371903,5.26492681698528,0.999750192105744,23,"p05","s15","01M","#7AD151FF","#F2E661FF","sample","B96",22560,5,15,"5 15",5,15,28
"GBP23051601M_16S_B96","Species richness",34,44.1246100219543,13.8734671358486,34,71.3161059489176,0.770545053725873,23,"p05","s16","01M","#7AD151FF","#FCFFA4FF","sample","B96",31823,5,16,"5 16",5,16,18
"GBP23051601M_16S_B96","Shannon diversity",3.54551903452815,3.54871001446932,0.0196489984347374,3.51019868520495,3.58722134373369,0.999100805665112,23,"p05","s16","01M","#7AD151FF","#FCFFA4FF","sample","B96",31823,5,16,"5 16",5,16,18
"GBP23051601M_16S_B96","Simpson diversity",2.80675299461681,2.80694833635906,0.015672894753568,2.77623002710858,2.83766664560954,0.999930407788515,23,"p05","s16","01M","#7AD151FF","#FCFFA4FF","sample","B96",31823,5,16,"5 16",5,16,18
"GBP23051602M_16S_B96","Species richness",61,81.2491261004661,13.0901573366621,61,106.905363032287,0.750777305894618,23,"p05","s16","02M","#7AD151FF","#FCFFA4FF","sample","B96",28094,5,16,"5 16",5,16,18
"GBP23051602M_16S_B96","Shannon diversity",4.74264699974781,4.75160158765504,0.0328472406505387,4.68722217898847,4.81598099632162,0.998115459021123,23,"p05","s16","02M","#7AD151FF","#FCFFA4FF","sample","B96",28094,5,16,"5 16",5,16,18
"GBP23051602M_16S_B96","Simpson diversity",3.66055150346821,3.66097186530846,0.0217773306451092,3.61828908156462,3.70365464905229,0.999885177527794,23,"p05","s16","02M","#7AD151FF","#FCFFA4FF","sample","B96",28094,5,16,"5 16",5,16,18
"GBP23051603M_16S_B96","Species richness",81,135.44714278218,23.2025073394685,89.9710640457952,180.923221518564,0.598019259293352,23,"p05","s16","03M","#7AD151FF","#FCFFA4FF","sample","B96",22347,5,16,"5 16",5,16,18
"GBP23051603M_16S_B96","Shannon diversity",5.10085870653504,5.11976790832583,0.0417401601485553,5.03795869772573,5.20157711892594,0.996306629103236,23,"p05","s16","03M","#7AD151FF","#FCFFA4FF","sample","B96",22347,5,16,"5 16",5,16,18
"GBP23051603M_16S_B96","Simpson diversity",3.84446701589846,3.84504096070261,0.0229267412092252,3.80010537364966,3.88997654775556,0.999850731159951,23,"p05","s16","03M","#7AD151FF","#FCFFA4FF","sample","B96",22347,5,16,"5 16",5,16,18
"GBP23060101M_16S_B96","Species richness",75,114.061220478889,23.8785569535027,75,160.862332110543,0.657541622692714,23,"p06","s01","01M","#FDE725FF","#000004FF","sample","B96",36565,6,1,"6 1",6,1,37
"GBP23060101M_16S_B96","Shannon diversity",8.73645650870359,8.75352669353591,0.0501539103941433,8.65522683547954,8.85182655159228,0.998049907719488,23,"p06","s01","01M","#FDE725FF","#000004FF","sample","B96",36565,6,1,"6 1",6,1,37
"GBP23060101M_16S_B96","Simpson diversity",6.40583747555498,6.40697200940568,0.0446426885442428,6.31947394768592,6.49447007112543,0.999822921990446,23,"p06","s01","01M","#FDE725FF","#000004FF","sample","B96",36565,6,1,"6 1",6,1,37
"GBP23060102M_16S_B96","Species richness",78,102.082688359222,17.0954019662531,78,135.589060514313,0.76408646023823,23,"p06","s01","02M","#FDE725FF","#000004FF","sample","B96",44577,6,1,"6 1",6,1,37
"GBP23060102M_16S_B96","Shannon diversity",4.21558326120659,4.22160910307762,0.0245698502793799,4.17345308142449,4.26976512473074,0.998572619651916,23,"p06","s01","02M","#FDE725FF","#000004FF","sample","B96",44577,6,1,"6 1",6,1,37
"GBP23060102M_16S_B96","Simpson diversity",3.0583893575155,3.05855796682929,0.0141782561490667,3.03076909541353,3.08634683824504,0.999944872938286,23,"p06","s01","02M","#FDE725FF","#000004FF","sample","B96",44577,6,1,"6 1",6,1,37
"GBP23060103M_16S_B48","Species richness",52,64.0710328777002,12.8941755918808,52,89.3431526481221,0.811599215190715,23,"p06","s01","03M","#FDE725FF","#000004FF","sample","B48",36442,6,1,"6 1",6,1,37
"GBP23060103M_16S_B48","Shannon diversity",4.42147855679042,4.42646947429686,0.0259767753591289,4.37555593015848,4.47738301843524,0.998872483468952,23,"p06","s01","03M","#FDE725FF","#000004FF","sample","B48",36442,6,1,"6 1",6,1,37
"GBP23060103M_16S_B48","Simpson diversity",3.31244088769298,3.31269199909491,0.0151384674093796,3.28302114819139,3.34236284999842,0.999924197178007,23,"p06","s01","03M","#FDE725FF","#000004FF","sample","B48",36442,6,1,"6 1",6,1,37
"GBP23060104M_16S_B48","Species richness",37,85.9982574679943,47.2143721523707,37,178.536726439312,0.430241275688291,23,"p06","s01","04M","#FDE725FF","#000004FF","sample","B48",33345,6,1,"6 1",6,1,37
"GBP23060104M_16S_B48","Shannon diversity",2.80585548554475,2.80954075789094,0.0171153239374997,2.77599533938971,2.84308617639218,0.998688300806515,23,"p06","s01","04M","#FDE725FF","#000004FF","sample","B48",33345,6,1,"6 1",6,1,37
"GBP23060104M_16S_B48","Simpson diversity",2.19426199836974,2.19435519638611,0.0107610384716447,2.17326394854543,2.21544644422678,0.999957528290534,23,"p06","s01","04M","#FDE725FF","#000004FF","sample","B48",33345,6,1,"6 1",6,1,37
"GBP23060105M_16S_B48","Species richness",33,57.4993930535599,18.2980506682776,33,93.362913350673,0.57391910153314,23,"p06","s01","05M","#FDE725FF","#000004FF","sample","B48",47057,6,1,"6 1",6,1,37
"GBP23060105M_16S_B48","Shannon diversity",3.22675755779908,3.22879975133282,0.0173753362263748,3.19474471810985,3.26285478455579,0.999367506909371,23,"p06","s01","05M","#FDE725FF","#000004FF","sample","B48",47057,6,1,"6 1",6,1,37
"GBP23060105M_16S_B48","Simpson diversity",2.59848600367818,2.59858890985931,0.0107937881360808,2.57743347385583,2.61974434586278,0.999960399207149,23,"p06","s01","05M","#FDE725FF","#000004FF","sample","B48",47057,6,1,"6 1",6,1,37
"GBP23060201M_16S_B48","Species richness",29,44.9995055012981,16.7599776265219,29,77.8484580309782,0.644451526232071,23,"p06","s02","01M","#FDE725FF","#0C0826FF","sample","B48",37804,6,2,"6 2",6,2,19
"GBP23060201M_16S_B48","Shannon diversity",2.91811798499208,2.92012676062657,0.0159968722934269,2.88877346706617,2.95148005418698,0.999312093001722,23,"p06","s02","01M","#FDE725FF","#0C0826FF","sample","B48",37804,6,2,"6 2",6,2,19
"GBP23060201M_16S_B48","Simpson diversity",2.26553129013952,2.26561990744394,0.0117254585252706,2.24263843103219,2.28860138385569,0.999960886067372,23,"p06","s02","01M","#FDE725FF","#0C0826FF","sample","B48",37804,6,2,"6 2",6,2,19
"GBP23060202M_16S_B48","Species richness",71,89.0620642129898,12.9253666281063,71,114.395317291054,0.797196883178064,23,"p06","s02","02M","#FDE725FF","#0C0826FF","sample","B48",49502,6,2,"6 2",6,2,19
"GBP23060202M_16S_B48","Shannon diversity",4.65873656026951,4.66409514739371,0.0311378096783611,4.60306616186666,4.72512413292076,0.998851098239882,23,"p06","s02","02M","#FDE725FF","#0C0826FF","sample","B48",49502,6,2,"6 2",6,2,19
"GBP23060202M_16S_B48","Simpson diversity",3.21422550828207,3.21439723121358,0.0168394312887446,3.1813925523675,3.24740191005965,0.999946576941445,23,"p06","s02","02M","#FDE725FF","#0C0826FF","sample","B48",49502,6,2,"6 2",6,2,19
"GBP23060203M_16S_B96","Species richness",32,56.9991065685083,24.9866589613951,32,105.972058226828,0.561412308481337,23,"p06","s02","03M","#FDE725FF","#0C0826FF","sample","B96",32927,6,2,"6 2",6,2,19
"GBP23060203M_16S_B96","Shannon diversity",4.04580422051335,4.04971776939741,0.0195895509272237,4.01132295510674,4.08811258368809,0.999033624290157,23,"p06","s02","03M","#FDE725FF","#0C0826FF","sample","B96",32927,6,2,"6 2",6,2,19
"GBP23060203M_16S_B96","Simpson diversity",3.3334912989447,3.33376932052013,0.0203434272001545,3.29389693588571,3.37364170515454,0.999916604435191,23,"p06","s02","03M","#FDE725FF","#0C0826FF","sample","B96",32927,6,2,"6 2",6,2,19
"GBP23060204M_16S_B48","Species richness",40,56.6662206761217,15.8800956332972,40,87.790636188436,0.705887908576466,23,"p06","s02","04M","#FDE725FF","#0C0826FF","sample","B48",44578,6,2,"6 2",6,2,19
"GBP23060204M_16S_B48","Shannon diversity",2.42342876945484,2.42530379771633,0.0114287470633537,2.40290386508374,2.44770373034892,0.999226889322792,23,"p06","s02","04M","#FDE725FF","#0C0826FF","sample","B48",44578,6,2,"6 2",6,2,19
"GBP23060204M_16S_B48","Simpson diversity",2.0322723268426,2.03232846739857,0.00731056529802325,2.01800002270781,2.04665691208932,0.999972376238944,23,"p06","s02","04M","#FDE725FF","#0C0826FF","sample","B48",44578,6,2,"6 2",6,2,19
"GBP23060205M_16S_B48","Species richness",68,93.7846590078634,16.5325422194153,68,126.187846330805,0.725065279538933,23,"p06","s02","05M","#FDE725FF","#0C0826FF","sample","B48",30039,6,2,"6 2",6,2,19
"GBP23060205M_16S_B48","Shannon diversity",5.70535464906751,5.71691919706895,0.041917844678882,5.6347617311888,5.7990766629491,0.997977136355649,23,"p06","s02","05M","#FDE725FF","#0C0826FF","sample","B48",30039,6,2,"6 2",6,2,19
"GBP23060205M_16S_B48","Simpson diversity",3.64480546055284,3.64520002734246,0.0241664555290845,3.59783464487146,3.69256540981345,0.999891757163762,23,"p06","s02","05M","#FDE725FF","#0C0826FF","sample","B48",30039,6,2,"6 2",6,2,19
"GBP23060301M_16S_B48","Species richness",67,71.4998057749579,6.42660587927888,67,84.0957218411779,0.937065482539619,23,"p06","s03","01M","#FDE725FF","#240C4FFF","sample","B48",32335,6,3,"6 3",6,3,25
"GBP23060301M_16S_B48","Shannon diversity",7.93281579005981,7.94572055183269,0.0789186597603978,7.79104282099414,8.10039828267124,0.998375885271991,23,"p06","s03","01M","#FDE725FF","#240C4FFF","sample","B48",32335,6,3,"6 3",6,3,25
"GBP23060301M_16S_B48","Simpson diversity",5.00552438291844,5.00638993959033,0.0458472737778456,4.9165309341964,5.09624894498425,0.999827109617442,23,"p06","s03","01M","#FDE725FF","#240C4FFF","sample","B48",32335,6,3,"6 3",6,3,25
"GBP23060302M_16S_B48","Species richness",38,40.7218560368278,5.72998980616889,38,51.9524296887005,0.933159823698453,23,"p06","s03","02M","#FDE725FF","#240C4FFF","sample","B48",12732,6,3,"6 3",6,3,25
"GBP23060302M_16S_B48","Shannon diversity",5.37601166565461,5.39172201649188,0.0768428884408417,5.2411127226798,5.54233131030395,0.997086209046162,23,"p06","s03","02M","#FDE725FF","#240C4FFF","sample","B48",12732,6,3,"6 3",6,3,25
"GBP23060302M_16S_B48","Simpson diversity",4.03731305338827,4.03896347670186,0.0404517085000116,3.95967958492872,4.118247368475,0.999591374538762,23,"p06","s03","02M","#FDE725FF","#240C4FFF","sample","B48",12732,6,3,"6 3",6,3,25
"GBP23060303M_16S_B96","Species richness",49,65.8990847549418,14.7352631363548,49,94.7796698049179,0.743561161467049,23,"p06","s03","03M","#FDE725FF","#240C4FFF","sample","B96",24593,6,3,"6 3",6,3,25
"GBP23060303M_16S_B96","Shannon diversity",4.46117567022337,4.46957776177437,0.0402468271731931,4.3906954300229,4.54846009352583,0.998120159890079,23,"p06","s03","03M","#FDE725FF","#240C4FFF","sample","B96",24593,6,3,"6 3",6,3,25
"GBP23060303M_16S_B96","Simpson diversity",3.19562712538245,3.19600717521167,0.021549374441841,3.1537711774163,3.23824317300705,0.999881086052569,23,"p06","s03","03M","#FDE725FF","#240C4FFF","sample","B96",24593,6,3,"6 3",6,3,25
"GBP23060304M_16S_B96","Species richness",64,82.7494842241356,20.8909625528921,64,123.695018430179,0.773418717954173,23,"p06","s03","04M","#FDE725FF","#240C4FFF","sample","B96",50737,6,3,"6 3",6,3,25
"GBP23060304M_16S_B96","Shannon diversity",7.91425740728273,7.92375749768043,0.0476133514234797,7.83043704370716,8.0170779516537,0.998801062450424,23,"p06","s03","04M","#FDE725FF","#240C4FFF","sample","B96",50737,6,3,"6 3",6,3,25
"GBP23060304M_16S_B96","Simpson diversity",5.19689612047915,5.19749617966581,0.0325098178302637,5.13377810757454,5.26121425175709,0.999884548412175,23,"p06","s03","04M","#FDE725FF","#240C4FFF","sample","B96",50737,6,3,"6 3",6,3,25
"GBP23060305M_16S_B48","Species richness",35,41.124737608705,10.156195922218,35,61.0305158361848,0.851069259894596,23,"p06","s03","05M","#FDE725FF","#240C4FFF","sample","B48",28217,6,3,"6 3",6,3,25
"GBP23060305M_16S_B48","Shannon diversity",2.66867909942761,2.67116981893645,0.0174309029091938,2.63700587701641,2.70533376085648,0.999067554787726,23,"p06","s03","05M","#FDE725FF","#240C4FFF","sample","B48",28217,6,3,"6 3",6,3,25
"GBP23060305M_16S_B48","Simpson diversity",2.17292666955167,2.17303586378175,0.010672778499578,2.1521176023076,2.1939541252559,0.999949750378307,23,"p06","s03","05M","#FDE725FF","#240C4FFF","sample","B48",28217,6,3,"6 3",6,3,25
"GBP23060401M_16S_B96","Species richness",26,56.2439956331878,34.77986651,26,124.411281379899,0.462271567076544,23,"p06","s04","01M","#FDE725FF","#420A68FF","sample","B96",9306,6,4,"6 4",6,4,19
"GBP23060401M_16S_B96","Shannon diversity",3.50743805432035,3.52536964840864,0.0558260115504482,3.41595267636924,3.63478662044803,0.994913556342559,23,"p06","s04","01M","#FDE725FF","#420A68FF","sample","B96",9306,6,4,"6 4",6,4,19
"GBP23060401M_16S_B96","Simpson diversity",2.54834030957862,2.54912389331461,0.0417690790038748,2.46725800279961,2.63098978382961,0.99969260664888,23,"p06","s04","01M","#FDE725FF","#420A68FF","sample","B96",9306,6,4,"6 4",6,4,19
"GBP23060402M_16S_B96","Species richness",32,63.9985434020665,23.3017457817545,32,109.669125911213,0.500011379930355,23,"p06","s04","02M","#FDE725FF","#420A68FF","sample","B96",25202,6,4,"6 4",6,4,19
"GBP23060402M_16S_B96","Shannon diversity",3.23140870466024,3.23540140968644,0.019416462444153,3.19734584258872,3.27345697678415,0.998765932099107,23,"p06","s04","02M","#FDE725FF","#420A68FF","sample","B96",25202,6,4,"6 4",6,4,19
"GBP23060402M_16S_B96","Simpson diversity",2.66835295391003,2.66855561653956,0.0120923270531351,2.64485509102614,2.69225614205299,0.999924055309818,23,"p06","s04","02M","#FDE725FF","#420A68FF","sample","B96",25202,6,4,"6 4",6,4,19
"GBP23060403M_16S_B48","Species richness",34,42.3326105184029,8.26053538846713,34,58.522962372817,0.803163319805649,23,"p06","s04","03M","#FDE725FF","#420A68FF","sample","B48",13635,6,4,"6 4",6,4,19
"GBP23060403M_16S_B48","Shannon diversity",4.43925456762533,4.44811136699271,0.0366386389077488,4.37630095429096,4.51992177969447,0.998008862945046,23,"p06","s04","03M","#FDE725FF","#420A68FF","sample","B48",13635,6,4,"6 4",6,4,19
"GBP23060403M_16S_B48","Simpson diversity",3.63330582432594,3.63413595890147,0.0242295632112523,3.58664688764628,3.68162503015667,0.999771573054799,23,"p06","s04","03M","#FDE725FF","#420A68FF","sample","B48",13635,6,4,"6 4",6,4,19
"GBP23060404M_16S_B96","Species richness",54,67.9995371441796,12.1501729131961,54,91.813438459978,0.794123052418779,23,"p06","s04","04M","#FDE725FF","#420A68FF","sample","B96",36771,6,4,"6 4",6,4,19
"GBP23060404M_16S_B96","Shannon diversity",4.87070599824277,4.87659046254863,0.027762627785972,4.82217671197193,4.93100421312532,0.998793324075284,23,"p06","s04","04M","#FDE725FF","#420A68FF","sample","B96",36771,6,4,"6 4",6,4,19
"GBP23060404M_16S_B96","Simpson diversity",3.72552090869544,3.72585665227174,0.02040226747788,3.68586894281214,3.76584436173133,0.999909888219642,23,"p06","s04","04M","#FDE725FF","#420A68FF","sample","B96",36771,6,4,"6 4",6,4,19
"GBP23060501M_16S_B48","Species richness",15,46.9871897518014,22.2074302034225,15,90.5129531396966,0.319235946632133,23,"p06","s05","01M","#FDE725FF","#5D126EFF","sample","B48",4559,6,5,"6 5",6,5,17
"GBP23060501M_16S_B48","Shannon diversity",1.10418377739088,1.11238430933853,0.0203099090509928,1.0725776190693,1.15219099960776,0.99262796869858,23,"p06","s05","01M","#FDE725FF","#5D126EFF","sample","B48",4559,6,5,"6 5",6,5,17
"GBP23060501M_16S_B48","Simpson diversity",1.02610211353878,1.02611283989595,0.00487763339014474,1.01655285412147,1.03567282567042,0.999989546610522,23,"p06","s05","01M","#FDE725FF","#5D126EFF","sample","B48",4559,6,5,"6 5",6,5,17
"GBP23060701M_16S_B96","Species richness",64,84.0550408089934,14.3777555518328,64,112.234923869107,0.761405852451295,23,"p06","s07","01M","#FDE725FF","#932667FF","sample","B96",43524,6,7,"6 7",6,7,14
"GBP23060701M_16S_B96","Shannon diversity",3.38211629486038,3.38606027735617,0.0156725262564033,3.35534269034687,3.41677786436548,0.998835229685021,23,"p06","s07","01M","#FDE725FF","#932667FF","sample","B96",43524,6,7,"6 7",6,7,14
"GBP23060701M_16S_B96","Simpson diversity",2.91637805354157,2.91652150873553,0.00866490298497905,2.89953861095544,2.93350440651563,0.999950812914104,23,"p06","s07","01M","#FDE725FF","#932667FF","sample","B96",43524,6,7,"6 7",6,7,14
"GBP23060801M_16S_B96","Species richness",34,39.3330991892762,11.0435630291816,34,60.9780849874703,0.864411925345303,23,"p06","s08","01M","#FDE725FF","#AE305CFF","sample","B96",27219,6,8,"6 8",6,8,8
"GBP23060801M_16S_B96","Shannon diversity",3.03656216942181,3.03937681606593,0.0188720657848747,3.0023882468137,3.07636538531815,0.999073939555885,23,"p06","s08","01M","#FDE725FF","#AE305CFF","sample","B96",27219,6,8,"6 8",6,8,8
"GBP23060801M_16S_B96","Simpson diversity",2.43071192769292,2.43086461975096,0.0110484502612932,2.40921005515384,2.45251918434807,0.999937186111973,23,"p06","s08","01M","#FDE725FF","#AE305CFF","sample","B96",27219,6,8,"6 8",6,8,8
"GBP23060901M_16S_B48","Species richness",35,52.999388171312,16.1883668737495,35,84.7280042123823,0.660384981933529,23,"p06","s09","01M","#FDE725FF","#C73E4CFF","sample","B48",33887,6,9,"6 9",6,9,22
"GBP23060901M_16S_B48","Shannon diversity",2.61720264650221,2.61966190487747,0.0129290813850324,2.59432137100961,2.64500243874532,0.99906123062267,23,"p06","s09","01M","#FDE725FF","#C73E4CFF","sample","B48",33887,6,9,"6 9",6,9,22
"GBP23060901M_16S_B48","Simpson diversity",2.23500636282521,2.23510019208381,0.0107500782865052,2.21403042581128,2.25616995835635,0.999958020110716,23,"p06","s09","01M","#FDE725FF","#C73E4CFF","sample","B48",33887,6,9,"6 9",6,9,22
"GBP23061001M_16S_B48","Species richness",47,68.1246435982656,18.4216200680778,47,104.230355468578,0.689911866213368,23,"p06","s10","01M","#FDE725FF","#DD513AFF","sample","B48",67805,6,10,"6 10",6,10,28
"GBP23061001M_16S_B48","Shannon diversity",3.43194236094333,3.43397159926008,0.0104755074824435,3.41343998187471,3.45450321664545,0.99940906956913,23,"p06","s10","01M","#FDE725FF","#DD513AFF","sample","B48",67805,6,10,"6 10",6,10,28
"GBP23061001M_16S_B48","Simpson diversity",2.91958973215739,2.91968428938481,0.00782054002377243,2.90435631259857,2.93501226617106,0.999967613886278,23,"p06","s10","01M","#FDE725FF","#DD513AFF","sample","B48",67805,6,10,"6 10",6,10,28
"GBP23061002M_16S_B96","Species richness",36,38.4999148443354,9.67860274547881,36,57.4696276461444,0.935067003279275,23,"p06","s10","02M","#FDE725FF","#DD513AFF","sample","B96",33247,6,10,"6 10",6,10,28
"GBP23061002M_16S_B96","Shannon diversity",3.43440133041827,3.43675556691157,0.0187201081708715,3.40006482910997,3.47344630471317,0.999314982853025,23,"p06","s10","02M","#FDE725FF","#DD513AFF","sample","B96",33247,6,10,"6 10",6,10,28
"GBP23061002M_16S_B96","Simpson diversity",2.83139144237122,2.83156808540559,0.0129673083750593,2.80615262801405,2.85698354279713,0.999937616532945,23,"p06","s10","02M","#FDE725FF","#DD513AFF","sample","B96",33247,6,10,"6 10",6,10,28
"GBP23061003M_16S_B96","Species richness",46,49.1998485422189,6.11083143847421,46,61.1768580772234,0.934962227790741,23,"p06","s10","03M","#FDE725FF","#DD513AFF","sample","B96",25703,6,10,"6 10",6,10,28
"GBP23061003M_16S_B96","Shannon diversity",4.66572283888312,4.67153017159324,0.0308526800581102,4.61106002985281,4.73200031333367,0.998756867129869,23,"p06","s10","03M","#FDE725FF","#DD513AFF","sample","B96",25703,6,10,"6 10",6,10,28
"GBP23061003M_16S_B96","Simpson diversity",3.79076740130343,3.79126820821991,0.0256155806323627,3.7410625927374,3.84147382370242,0.99986790517342,23,"p06","s10","03M","#FDE725FF","#DD513AFF","sample","B96",25703,6,10,"6 10",6,10,28
"GBP23061004M_16S_B96","Species richness",46,130.497280422259,39.1226110645009,53.8183717546688,207.176189089849,0.352497767395265,23,"p06","s10","04M","#FDE725FF","#DD513AFF","sample","B96",35555,6,10,"6 10",6,10,28
"GBP23061004M_16S_B96","Shannon diversity",3.11157724845025,3.11616415293025,0.0184386052366297,3.0800251507413,3.1523031551192,0.998528028609889,23,"p06","s10","04M","#FDE725FF","#DD513AFF","sample","B96",35555,6,10,"6 10",6,10,28
"GBP23061004M_16S_B96","Simpson diversity",2.58386980692828,2.58400153277343,0.0109439787565029,2.56255172856311,2.60545133698375,0.999949022535986,23,"p06","s10","04M","#FDE725FF","#DD513AFF","sample","B96",35555,6,10,"6 10",6,10,28
"GBP23061005M_16S_B96","Species richness",23,43.2477582198605,18.1610993332064,23,78.8428588325994,0.531819473348743,23,"p06","s10","05M","#FDE725FF","#DD513AFF","sample","B96",10789,6,10,"6 10",6,10,28
"GBP23061005M_16S_B96","Shannon diversity",2.35335393833983,2.35878435548875,0.0179612962834829,2.32358086165747,2.39398784932003,0.997697789907631,23,"p06","s10","05M","#FDE725FF","#DD513AFF","sample","B96",10789,6,10,"6 10",6,10,28
"GBP23061005M_16S_B96","Simpson diversity",2.11953436014849,2.11979711321589,0.00974779751455375,2.10069178115878,2.13890244527301,0.999876048011496,23,"p06","s10","05M","#FDE725FF","#DD513AFF","sample","B96",10789,6,10,"6 10",6,10,28
"GBP23061201M_16S_B48","Species richness",35,66.9983255716603,33.0068228515172,35,131.690509604728,0.522401115272121,23,"p06","s12","01M","#FDE725FF","#F8850FFF","sample","B48",22741,6,12,"6 12",6,12,27
"GBP23061201M_16S_B48","Shannon diversity",3.92000219633902,3.92683877400614,0.0254662273681103,3.87692588554254,3.97675166246975,0.998259012386152,23,"p06","s12","01M","#FDE725FF","#F8850FFF","sample","B48",22741,6,12,"6 12",6,12,27
"GBP23061201M_16S_B48","Simpson diversity",3.17822054213626,3.17858284744515,0.0206861923291347,3.13803865550278,3.21912703938752,0.999886016716797,23,"p06","s12","01M","#FDE725FF","#F8850FFF","sample","B48",22741,6,12,"6 12",6,12,27
"GBP23061202M_16S_B96","Species richness",91,139.891345678249,20.501773152361,99.7086086804113,180.074082676087,0.650504858315543,23,"p06","s12","02M","#FDE725FF","#F8850FFF","sample","B96",34853,6,12,"6 12",6,12,27
"GBP23061202M_16S_B96","Shannon diversity",3.63525287602866,3.6437307826935,0.0256099634247764,3.59353617673555,3.69392538865145,0.997673289501763,23,"p06","s12","02M","#FDE725FF","#F8850FFF","sample","B96",34853,6,12,"6 12",6,12,27
"GBP23061202M_16S_B96","Simpson diversity",2.65503109888057,2.6551669502385,0.0162981931135382,2.62322307872288,2.68711082175411,0.999948835097575,23,"p06","s12","02M","#FDE725FF","#F8850FFF","sample","B96",34853,6,12,"6 12",6,12,27
"GBP23061301M_16S_B96","Species richness",56,81.5992583794432,34.0880204135416,56,148.410550694251,0.686280747057718,23,"p06","s13","01M","#FDE725FF","#FCA50AFF","sample","B96",38791,6,13,"6 13",6,13,38
"GBP23061301M_16S_B96","Shannon diversity",5.08340774787487,5.08960633342764,0.0323393805997184,5.02622231216986,5.15299035468542,0.998782109038168,23,"p06","s13","01M","#FDE725FF","#FCA50AFF","sample","B96",38791,6,13,"6 13",6,13,38
"GBP23061301M_16S_B96","Simpson diversity",4.05826416670895,4.05862375717198,0.0177384368905013,4.02385705972456,4.0933904546194,0.999911400887459,23,"p06","s13","01M","#FDE725FF","#FCA50AFF","sample","B96",38791,6,13,"6 13",6,13,38
"GBP23061303M_16S_B48","Species richness",65,118.998844845659,44.5439941590213,65,206.303469124903,0.546223789687244,23,"p06","s13","03M","#FDE725FF","#FCA50AFF","sample","B48",55056,6,13,"6 13",6,13,38
"GBP23061303M_16S_B48","Shannon diversity",5.1954717347116,5.2015560260142,0.0223135616973794,5.15782224872052,5.24528980330787,0.998830293998148,23,"p06","s13","03M","#FDE725FF","#FCA50AFF","sample","B48",55056,6,13,"6 13",6,13,38
"GBP23061303M_16S_B48","Simpson diversity",3.90949397558978,3.90973731955884,0.0159569127081588,3.8784623453464,3.94101229377128,0.999937759509355,23,"p06","s13","03M","#FDE725FF","#FCA50AFF","sample","B48",55056,6,13,"6 13",6,13,38
"GBP23061304M_16S_B96","Species richness",51,87.0989336562888,30.9275333211284,51,147.715785096363,0.585541037749751,23,"p06","s13","04M","#FDE725FF","#FCA50AFF","sample","B96",38576,6,13,"6 13",6,13,38
"GBP23061304M_16S_B96","Shannon diversity",3.58111572530232,3.58576555744429,0.0175142311193413,3.55143829523347,3.62009281965511,0.99870325260604,23,"p06","s13","04M","#FDE725FF","#FCA50AFF","sample","B96",38576,6,13,"6 13",6,13,38
"GBP23061304M_16S_B96","Simpson diversity",2.900920427605,2.90108332981643,0.0113964299733671,2.8787467375163,2.92341992211657,0.999943847799971,23,"p06","s13","04M","#FDE725FF","#FCA50AFF","sample","B96",38576,6,13,"6 13",6,13,38
"GBP23061305M_16S_B96","Species richness",36,66.2490417207844,27.8654685520397,36,120.864356495116,0.543404086533461,23,"p06","s13","05M","#FDE725FF","#FCA50AFF","sample","B96",36131,6,13,"6 13",6,13,38
"GBP23061305M_16S_B96","Shannon diversity",3.29924435938854,3.30246200715887,0.0166825466516715,3.26976481655118,3.33515919776655,0.999025682123412,23,"p06","s13","05M","#FDE725FF","#FCA50AFF","sample","B96",36131,6,13,"6 13",6,13,38
"GBP23061305M_16S_B96","Simpson diversity",2.57862304161604,2.57875200560687,0.0131664178274492,2.55294630085967,2.60455771035408,0.999949989766155,23,"p06","s13","05M","#FDE725FF","#FCA50AFF","sample","B96",36131,6,13,"6 13",6,13,38
"GBP23061401M_16S_B96","Species richness",39,52.998773006135,13.0365574083624,39,78.549956008914,0.735866092512849,23,"p06","s14","01M","#FDE725FF","#FAC62DFF","sample","B96",14355,6,14,"6 14",6,14,21
"GBP23061401M_16S_B96","Shannon diversity",4.45852894443276,4.46983284963602,0.0359911931432251,4.39929140731467,4.54037429195736,0.997471067580484,23,"p06","s14","01M","#FDE725FF","#FAC62DFF","sample","B96",14355,6,14,"6 14",6,14,21
"GBP23061401M_16S_B96","Simpson diversity",3.59185046648111,3.59266663395337,0.0263329806949206,3.54105494018574,3.644278327721,0.999772824045364,23,"p06","s14","01M","#FDE725FF","#FAC62DFF","sample","B96",14355,6,14,"6 14",6,14,21
"GBP23061402M_16S_B96","Species richness",24,59.998123534011,27.0762506587236,24,113.066599661488,0.400012510164509,23,"p06","s14","02M","#FDE725FF","#FAC62DFF","sample","B96",21807,6,14,"6 14",6,14,21
"GBP23061402M_16S_B96","Shannon diversity",3.4686250942596,3.47304161622301,0.0200431457826634,3.4337577723521,3.51232546009391,0.998728341767408,23,"p06","s14","02M","#FDE725FF","#FAC62DFF","sample","B96",21807,6,14,"6 14",6,14,21
"GBP23061402M_16S_B96","Simpson diversity",2.84407699560428,2.84435041101087,0.0154243943735737,2.81411915355533,2.87458166846642,0.999903874218333,23,"p06","s14","02M","#FDE725FF","#FAC62DFF","sample","B96",21807,6,14,"6 14",6,14,21
"GBP23061404M_16S_B96","Species richness",40,56.8995544658863,12.4057203069852,40,81.2143194698545,0.702993202239952,23,"p06","s14","04M","#FDE725FF","#FAC62DFF","sample","B96",42417,6,14,"6 14",6,14,21
"GBP23061404M_16S_B96","Shannon diversity",4.04785671802961,4.05107177370411,0.0144510689765174,4.02274819897203,4.07939534843619,0.999206369115607,23,"p06","s14","04M","#FDE725FF","#FAC62DFF","sample","B96",42417,6,14,"6 14",6,14,21
"GBP23061404M_16S_B96","Simpson diversity",3.67669160228728,3.67695107512123,0.0135580803556431,3.65037772592467,3.70352442431779,0.999929432611788,23,"p06","s14","04M","#FDE725FF","#FAC62DFF","sample","B96",42417,6,14,"6 14",6,14,21
"GBP23061405M_16S_B48","Species richness",43,91.998318635693,41.3503992971193,43,173.043612004397,0.467399846406727,23,"p06","s14","05M","#FDE725FF","#FAC62DFF","sample","B48",32315,6,14,"6 14",6,14,21
"GBP23061405M_16S_B48","Shannon diversity",5.56245466581543,5.5700985771165,0.0248103126506101,5.52147125787613,5.61872589635688,0.998627688326294,23,"p06","s14","05M","#FDE725FF","#FAC62DFF","sample","B48",32315,6,14,"6 14",6,14,21
"GBP23061405M_16S_B48","Simpson diversity",4.92031926182076,4.9209812554246,0.0166645838983125,4.88831927116656,4.95364323968264,0.999865475284405,23,"p06","s14","05M","#FDE725FF","#FAC62DFF","sample","B48",32315,6,14,"6 14",6,14,21
